Timestamp,Market Cap (USD),Coin
2023-11-15 00:00:00,694845286838.959,Bitcoin (BTC)
2023-11-16 00:00:00,739215831747.2646,Bitcoin (BTC)
2023-11-17 00:00:00,707488742969.5619,Bitcoin (BTC)
2023-11-18 00:00:00,714651953916.8749,Bitcoin (BTC)
2023-11-19 00:00:00,715117663450.342,Bitcoin (BTC)
2023-11-20 00:00:00,732521837352.2426,Bitcoin (BTC)
2023-11-21 00:00:00,732673492672.5168,Bitcoin (BTC)
2023-11-22 00:00:00,702705880301.6978,Bitcoin (BTC)
2023-11-23 00:00:00,732259726682.3702,Bitcoin (BTC)
2023-11-24 00:00:00,728816537112.472,Bitcoin (BTC)
2023-11-25 00:00:00,737614054534.8141,Bitcoin (BTC)
2023-11-26 00:00:00,739536714717.2401,Bitcoin (BTC)
2023-11-27 00:00:00,733376783676.3198,Bitcoin (BTC)
2023-11-28 00:00:00,728040168286.0479,Bitcoin (BTC)
2023-11-29 00:00:00,738816928726.5587,Bitcoin (BTC)
2023-11-30 00:00:00,740494537382.5989,Bitcoin (BTC)
2023-12-01 00:00:00,737659515838.6104,Bitcoin (BTC)
2023-12-02 00:00:00,756249390093.0282,Bitcoin (BTC)
2023-12-03 00:00:00,771834682369.2777,Bitcoin (BTC)
2023-12-04 00:00:00,782845232813.069,Bitcoin (BTC)
2023-12-05 00:00:00,820527379429.3416,Bitcoin (BTC)
2023-12-06 00:00:00,863171503830.3232,Bitcoin (BTC)
2023-12-07 00:00:00,857037901744.5414,Bitcoin (BTC)
2023-12-08 00:00:00,848245522795.3333,Bitcoin (BTC)
2023-12-09 00:00:00,863242780337.311,Bitcoin (BTC)
2023-12-10 00:00:00,855611272269.695,Bitcoin (BTC)
2023-12-11 00:00:00,856192504674.1926,Bitcoin (BTC)
2023-12-12 00:00:00,806178244439.1412,Bitcoin (BTC)
2023-12-13 00:00:00,812055172695.532,Bitcoin (BTC)
2023-12-14 00:00:00,840112594142.6609,Bitcoin (BTC)
2023-12-15 00:00:00,841400560142.884,Bitcoin (BTC)
2023-12-16 00:00:00,821883086852.3783,Bitcoin (BTC)
2023-12-17 00:00:00,825747211475.3832,Bitcoin (BTC)
2023-12-18 00:00:00,810534011290.7083,Bitcoin (BTC)
2023-12-19 00:00:00,834757901244.3383,Bitcoin (BTC)
2023-12-20 00:00:00,827483345952.5029,Bitcoin (BTC)
2023-12-21 00:00:00,854173854159.8182,Bitcoin (BTC)
2023-12-22 00:00:00,858312140014.9476,Bitcoin (BTC)
2023-12-23 00:00:00,861822676200.4246,Bitcoin (BTC)
2023-12-24 00:00:00,856850313226.057,Bitcoin (BTC)
2023-12-25 00:00:00,845029028630.4425,Bitcoin (BTC)
2023-12-26 00:00:00,854524607072.9797,Bitcoin (BTC)
2023-12-27 00:00:00,832471600531.6842,Bitcoin (BTC)
2023-12-28 00:00:00,849194163327.4839,Bitcoin (BTC)
2023-12-29 00:00:00,836073458797.803,Bitcoin (BTC)
2023-12-30 00:00:00,822933961870.5416,Bitcoin (BTC)
2023-12-31 00:00:00,826609156660.5117,Bitcoin (BTC)
2024-01-01 00:00:00,827596236151.1959,Bitcoin (BTC)
2024-01-02 00:00:00,863804922701.8125,Bitcoin (BTC)
2024-01-03 00:00:00,878395004792.8407,Bitcoin (BTC)
2024-01-04 00:00:00,838208392904.1771,Bitcoin (BTC)
2024-01-05 00:00:00,866352960236.8643,Bitcoin (BTC)
2024-01-06 00:00:00,863690851062.0247,Bitcoin (BTC)
2024-01-07 00:00:00,861211168830.4689,Bitcoin (BTC)
2024-01-08 00:00:00,856926317087.4954,Bitcoin (BTC)
2024-01-09 00:00:00,919666641903.4098,Bitcoin (BTC)
2024-01-10 00:00:00,902166917320.3264,Bitcoin (BTC)
2024-01-11 00:00:00,915259343942.0361,Bitcoin (BTC)
2024-01-12 00:00:00,909846384596.2129,Bitcoin (BTC)
2024-01-13 00:00:00,838383512176.7352,Bitcoin (BTC)
2024-01-14 00:00:00,839198740717.084,Bitcoin (BTC)
2024-01-15 00:00:00,822907066751.3778,Bitcoin (BTC)
2024-01-16 00:00:00,835225973285.8562,Bitcoin (BTC)
2024-01-17 00:00:00,845770850849.578,Bitcoin (BTC)
2024-01-18 00:00:00,836987995502.6503,Bitcoin (BTC)
2024-01-19 00:00:00,808845819110.2808,Bitcoin (BTC)
2024-01-20 00:00:00,815241536115.3193,Bitcoin (BTC)
2024-01-21 00:00:00,817217622403.9753,Bitcoin (BTC)
2024-01-22 00:00:00,814709364023.4832,Bitcoin (BTC)
2024-01-23 00:00:00,775020895102.2928,Bitcoin (BTC)
2024-01-24 00:00:00,779133357029.7626,Bitcoin (BTC)
2024-01-25 00:00:00,786928905377.1826,Bitcoin (BTC)
2024-01-26 00:00:00,783180536824.566,Bitcoin (BTC)
2024-01-27 00:00:00,820989861818.084,Bitcoin (BTC)
2024-01-28 00:00:00,826254540126.2368,Bitcoin (BTC)
2024-01-29 00:00:00,824240091063.3245,Bitcoin (BTC)
2024-01-30 00:00:00,849198976216.4734,Bitcoin (BTC)
2024-01-31 00:00:00,839294111912.5715,Bitcoin (BTC)
2024-02-01 00:00:00,835421372330.6442,Bitcoin (BTC)
2024-02-02 00:00:00,844585195327.6586,Bitcoin (BTC)
2024-02-03 00:00:00,846561992602.431,Bitcoin (BTC)
2024-02-04 00:00:00,842668526994.8004,Bitcoin (BTC)
2024-02-05 00:00:00,835416357159.2295,Bitcoin (BTC)
2024-02-06 00:00:00,836630860392.2917,Bitcoin (BTC)
2024-02-07 00:00:00,845393687725.6221,Bitcoin (BTC)
2024-02-08 00:00:00,868672050077.7697,Bitcoin (BTC)
2024-02-09 00:00:00,890468166608.419,Bitcoin (BTC)
2024-02-10 00:00:00,925541926938.6151,Bitcoin (BTC)
2024-02-11 00:00:00,938210772985.4427,Bitcoin (BTC)
2024-02-12 00:00:00,945579645769.01,Bitcoin (BTC)
2024-02-13 00:00:00,981463410832.9637,Bitcoin (BTC)
2024-02-14 00:00:00,974585308372.1277,Bitcoin (BTC)
2024-02-15 00:00:00,1017596576729.7906,Bitcoin (BTC)
2024-02-16 00:00:00,1020725811639.5323,Bitcoin (BTC)
2024-02-17 00:00:00,1024019280535.48,Bitcoin (BTC)
2024-02-18 00:00:00,1015778284418.9253,Bitcoin (BTC)
2024-02-19 00:00:00,1023586119011.2284,Bitcoin (BTC)
2024-02-20 00:00:00,1016146442771.5667,Bitcoin (BTC)
2024-02-21 00:00:00,1026424315285.75,Bitcoin (BTC)
2024-02-22 00:00:00,1018869881156.3213,Bitcoin (BTC)
2024-02-23 00:00:00,1007314397269.4122,Bitcoin (BTC)
2024-02-24 00:00:00,999139504635.63,Bitcoin (BTC)
2024-02-25 00:00:00,1012485917140.1924,Bitcoin (BTC)
2024-02-26 00:00:00,1016549456019.3263,Bitcoin (BTC)
2024-02-27 00:00:00,1071049856128.8474,Bitcoin (BTC)
2024-02-28 00:00:00,1118963733317.3013,Bitcoin (BTC)
2024-02-29 00:00:00,1225273849241.6978,Bitcoin (BTC)
2024-03-01 00:00:00,1206725326872.1362,Bitcoin (BTC)
2024-03-02 00:00:00,1227712629022.1812,Bitcoin (BTC)
2024-03-03 00:00:00,1219383305483.4985,Bitcoin (BTC)
2024-03-04 00:00:00,1236312176673.4497,Bitcoin (BTC)
2024-03-05 00:00:00,1333913436699.1726,Bitcoin (BTC)
2024-03-06 00:00:00,1264870242318.5977,Bitcoin (BTC)
2024-03-07 00:00:00,1297845751759.601,Bitcoin (BTC)
2024-03-08 00:00:00,1317508010581.0813,Bitcoin (BTC)
2024-03-09 00:00:00,1340971395884.519,Bitcoin (BTC)
2024-03-10 00:00:00,1346027264110.4956,Bitcoin (BTC)
2024-03-11 00:00:00,1357390358031.5388,Bitcoin (BTC)
2024-03-12 00:00:00,1417772589113.9521,Bitcoin (BTC)
2024-03-13 00:00:00,1403692914139.1924,Bitcoin (BTC)
2024-03-14 00:00:00,1436631290571.5388,Bitcoin (BTC)
2024-03-15 00:00:00,1403843488135.24,Bitcoin (BTC)
2024-03-16 00:00:00,1367669237527.8738,Bitcoin (BTC)
2024-03-17 00:00:00,1282404282863.459,Bitcoin (BTC)
2024-03-18 00:00:00,1344508983079.8567,Bitcoin (BTC)
2024-03-19 00:00:00,1331771923948.0378,Bitcoin (BTC)
2024-03-20 00:00:00,1223867418062.399,Bitcoin (BTC)
2024-03-21 00:00:00,1332594162507.5205,Bitcoin (BTC)
2024-03-22 00:00:00,1287348061971.4202,Bitcoin (BTC)
2024-03-23 00:00:00,1247366367469.2778,Bitcoin (BTC)
2024-03-24 00:00:00,1264722355270.5166,Bitcoin (BTC)
2024-03-25 00:00:00,1323456466317.511,Bitcoin (BTC)
2024-03-26 00:00:00,1371797489739.3416,Bitcoin (BTC)
2024-03-27 00:00:00,1375728580463.2524,Bitcoin (BTC)
2024-03-28 00:00:00,1360261687784.1018,Bitcoin (BTC)
2024-03-29 00:00:00,1390869723348.0437,Bitcoin (BTC)
2024-03-30 00:00:00,1374646886107.8396,Bitcoin (BTC)
2024-03-31 00:00:00,1370247487960.0945,Bitcoin (BTC)
2024-04-01 00:00:00,1401370211582.3662,Bitcoin (BTC)
2024-04-02 00:00:00,1373784286061.3486,Bitcoin (BTC)
2024-04-03 00:00:00,1288360536576.547,Bitcoin (BTC)
2024-04-04 00:00:00,1301670235623.7266,Bitcoin (BTC)
2024-04-05 00:00:00,1348455954443.3696,Bitcoin (BTC)
2024-04-06 00:00:00,1337452583876.3916,Bitcoin (BTC)
2024-04-07 00:00:00,1358548956714.7139,Bitcoin (BTC)
2024-04-08 00:00:00,1367272232852.0764,Bitcoin (BTC)
2024-04-09 00:00:00,1410324678268.6392,Bitcoin (BTC)
2024-04-10 00:00:00,1361830648708.6648,Bitcoin (BTC)
2024-04-11 00:00:00,1387722485989.3584,Bitcoin (BTC)
2024-04-12 00:00:00,1379324055321.196,Bitcoin (BTC)
2024-04-13 00:00:00,1321648247460.1611,Bitcoin (BTC)
2024-04-14 00:00:00,1270009515097.3306,Bitcoin (BTC)
2024-04-15 00:00:00,1293286386553.3967,Bitcoin (BTC)
2024-04-16 00:00:00,1247928896840.997,Bitcoin (BTC)
2024-04-17 00:00:00,1253670904297.4917,Bitcoin (BTC)
2024-04-18 00:00:00,1207185042484.4346,Bitcoin (BTC)
2024-04-19 00:00:00,1249565911947.3347,Bitcoin (BTC)
2024-04-20 00:00:00,1263308149913.607,Bitcoin (BTC)
2024-04-21 00:00:00,1277940837359.7852,Bitcoin (BTC)
2024-04-22 00:00:00,1279763566407.3762,Bitcoin (BTC)
2024-04-23 00:00:00,1317058642854.2856,Bitcoin (BTC)
2024-04-24 00:00:00,1306843409278.049,Bitcoin (BTC)
2024-04-25 00:00:00,1265541377860.928,Bitcoin (BTC)
2024-04-26 00:00:00,1269387456067.624,Bitcoin (BTC)
2024-04-27 00:00:00,1255539337969.4697,Bitcoin (BTC)
2024-04-28 00:00:00,1249495302303.4912,Bitcoin (BTC)
2024-04-29 00:00:00,1240724751365.882,Bitcoin (BTC)
2024-04-30 00:00:00,1257159131219.0603,Bitcoin (BTC)
2024-05-01 00:00:00,1197773959985.8767,Bitcoin (BTC)
2024-05-02 00:00:00,1151677489315.1536,Bitcoin (BTC)
2024-05-03 00:00:00,1164721402399.166,Bitcoin (BTC)
2024-05-04 00:00:00,1239817041554.716,Bitcoin (BTC)
2024-05-05 00:00:00,1257549583083.3145,Bitcoin (BTC)
2024-05-06 00:00:00,1259667234461.2874,Bitcoin (BTC)
2024-05-07 00:00:00,1244417948315.7583,Bitcoin (BTC)
2024-05-08 00:00:00,1229336706399.346,Bitcoin (BTC)
2024-05-09 00:00:00,1203918522476.5405,Bitcoin (BTC)
2024-05-10 00:00:00,1240910691253.6274,Bitcoin (BTC)
2024-05-11 00:00:00,1199393711200.297,Bitcoin (BTC)
2024-05-12 00:00:00,1197102943502.2341,Bitcoin (BTC)
2024-05-13 00:00:00,1211277523448.5786,Bitcoin (BTC)
2024-05-14 00:00:00,1238994152713.125,Bitcoin (BTC)
2024-05-15 00:00:00,1212998352772.157,Bitcoin (BTC)
2024-05-16 00:00:00,1307048849176.4167,Bitcoin (BTC)
2024-05-17 00:00:00,1286278919684.0837,Bitcoin (BTC)
2024-05-18 00:00:00,1319238394090.13,Bitcoin (BTC)
2024-05-19 00:00:00,1319928522881.6436,Bitcoin (BTC)
2024-05-20 00:00:00,1304727108597.6987,Bitcoin (BTC)
2024-05-21 00:00:00,1406288649446.611,Bitcoin (BTC)
2024-05-22 00:00:00,1382275470797.567,Bitcoin (BTC)
2024-05-23 00:00:00,1362228629448.754,Bitcoin (BTC)
2024-05-24 00:00:00,1336347300306.381,Bitcoin (BTC)
2024-05-25 00:00:00,1350764328536.3708,Bitcoin (BTC)
2024-05-26 00:00:00,1363997851294.8164,Bitcoin (BTC)
2024-05-27 00:00:00,1349351520129.172,Bitcoin (BTC)
2024-05-28 00:00:00,1366931305389.0393,Bitcoin (BTC)
2024-05-29 00:00:00,1347542673428.3018,Bitcoin (BTC)
2024-05-30 00:00:00,1331734029835.3335,Bitcoin (BTC)
2024-05-31 00:00:00,1346147846430.124,Bitcoin (BTC)
2024-06-01 00:00:00,1331606411822.8157,Bitcoin (BTC)
2024-06-02 00:00:00,1333649555935.3525,Bitcoin (BTC)
2024-06-03 00:00:00,1335930570689.7126,Bitcoin (BTC)
2024-06-04 00:00:00,1355484820107.0864,Bitcoin (BTC)
2024-06-05 00:00:00,1390853496950.4385,Bitcoin (BTC)
2024-06-06 00:00:00,1400297735227.1965,Bitcoin (BTC)
2024-06-07 00:00:00,1394881646977.521,Bitcoin (BTC)
2024-06-08 00:00:00,1366366925856.506,Bitcoin (BTC)
2024-06-09 00:00:00,1366065699664.3162,Bitcoin (BTC)
2024-06-10 00:00:00,1372556186704.501,Bitcoin (BTC)
2024-06-11 00:00:00,1369378888543.5317,Bitcoin (BTC)
2024-06-12 00:00:00,1327665028180.2761,Bitcoin (BTC)
2024-06-13 00:00:00,1345244310606.6865,Bitcoin (BTC)
2024-06-14 00:00:00,1317161415434.6978,Bitcoin (BTC)
2024-06-15 00:00:00,1301949410096.3496,Bitcoin (BTC)
2024-06-16 00:00:00,1304370314917.9756,Bitcoin (BTC)
2024-06-17 00:00:00,1313849391756.9756,Bitcoin (BTC)
2024-06-18 00:00:00,1309329377372.7744,Bitcoin (BTC)
2024-06-19 00:00:00,1282295865979.065,Bitcoin (BTC)
2024-06-20 00:00:00,1278699763341.0723,Bitcoin (BTC)
2024-06-21 00:00:00,1279317116821.3782,Bitcoin (BTC)
2024-06-22 00:00:00,1263258746635.2896,Bitcoin (BTC)
2024-06-23 00:00:00,1266336092890.8738,Bitcoin (BTC)
2024-06-24 00:00:00,1248188877658.2324,Bitcoin (BTC)
2024-06-25 00:00:00,1188964670369.4045,Bitcoin (BTC)
2024-06-26 00:00:00,1217935012739.8113,Bitcoin (BTC)
2024-06-27 00:00:00,1198205485427.564,Bitcoin (BTC)
2024-06-28 00:00:00,1213931985719.8025,Bitcoin (BTC)
2024-06-29 00:00:00,1189569860170.9426,Bitcoin (BTC)
2024-06-30 00:00:00,1199792912680.844,Bitcoin (BTC)
2024-07-01 00:00:00,1236676710888.4822,Bitcoin (BTC)
2024-07-02 00:00:00,1238799172479.871,Bitcoin (BTC)
2024-07-03 00:00:00,1222901857941.0586,Bitcoin (BTC)
2024-07-04 00:00:00,1186937170314.9272,Bitcoin (BTC)
2024-07-05 00:00:00,1130121668991.0515,Bitcoin (BTC)
2024-07-06 00:00:00,1118490666778.4585,Bitcoin (BTC)
2024-07-07 00:00:00,1147176330416.144,Bitcoin (BTC)
2024-07-08 00:00:00,1100452083927.7026,Bitcoin (BTC)
2024-07-09 00:00:00,1117615464651.686,Bitcoin (BTC)
2024-07-10 00:00:00,1144794688186.9604,Bitcoin (BTC)
2024-07-11 00:00:00,1139350681822.5857,Bitcoin (BTC)
2024-07-12 00:00:00,1130276546536.143,Bitcoin (BTC)
2024-07-13 00:00:00,1141567375406.1943,Bitcoin (BTC)
2024-07-14 00:00:00,1168371787725.7102,Bitcoin (BTC)
2024-07-15 00:00:00,1204059167828.704,Bitcoin (BTC)
2024-07-16 00:00:00,1277806993830.5176,Bitcoin (BTC)
2024-07-17 00:00:00,1284899538175.1812,Bitcoin (BTC)
2024-07-18 00:00:00,1266016458007.3477,Bitcoin (BTC)
2024-07-19 00:00:00,1261456293182.2588,Bitcoin (BTC)
2024-07-20 00:00:00,1316147398343.7175,Bitcoin (BTC)
2024-07-21 00:00:00,1325658979467.9998,Bitcoin (BTC)
2024-07-22 00:00:00,1343346742483.077,Bitcoin (BTC)
2024-07-23 00:00:00,1333201881091.7786,Bitcoin (BTC)
2024-07-24 00:00:00,1300963591115.5374,Bitcoin (BTC)
2024-07-25 00:00:00,1290447066028.3152,Bitcoin (BTC)
2024-07-26 00:00:00,1297125144853.139,Bitcoin (BTC)
2024-07-27 00:00:00,1339927966898.6016,Bitcoin (BTC)
2024-07-28 00:00:00,1342889431798.832,Bitcoin (BTC)
2024-07-29 00:00:00,1346263382369.5552,Bitcoin (BTC)
2024-07-30 00:00:00,1317581413497.2551,Bitcoin (BTC)
2024-07-31 00:00:00,1306758338817.987,Bitcoin (BTC)
2024-08-01 00:00:00,1275401473742.0508,Bitcoin (BTC)
2024-08-02 00:00:00,1289157073527.528,Bitcoin (BTC)
2024-08-03 00:00:00,1211854070245.47,Bitcoin (BTC)
2024-08-04 00:00:00,1197962170718.7737,Bitcoin (BTC)
2024-08-05 00:00:00,1147854905921.6433,Bitcoin (BTC)
2024-08-06 00:00:00,1064889039013.8289,Bitcoin (BTC)
2024-08-07 00:00:00,1104019419316.6865,Bitcoin (BTC)
2024-08-08 00:00:00,1088566703585.4303,Bitcoin (BTC)
2024-08-09 00:00:00,1218342891278.6091,Bitcoin (BTC)
2024-08-10 00:00:00,1198300504959.2505,Bitcoin (BTC)
2024-08-11 00:00:00,1201818989571.278,Bitcoin (BTC)
2024-08-12 00:00:00,1159146815397.6223,Bitcoin (BTC)
2024-08-13 00:00:00,1171441797233.8909,Bitcoin (BTC)
2024-08-14 00:00:00,1195798013190.8457,Bitcoin (BTC)
2024-08-15 00:00:00,1159479277227.7532,Bitcoin (BTC)
2024-08-16 00:00:00,1137141836825.8655,Bitcoin (BTC)
2024-08-17 00:00:00,1162716063850.1133,Bitcoin (BTC)
2024-08-18 00:00:00,1173270497431.1711,Bitcoin (BTC)
2024-08-19 00:00:00,1156217205294.1643,Bitcoin (BTC)
2024-08-20 00:00:00,1176063402361.815,Bitcoin (BTC)
2024-08-21 00:00:00,1166088863323.0896,Bitcoin (BTC)
2024-08-22 00:00:00,1207099049402.5117,Bitcoin (BTC)
2024-08-23 00:00:00,1192308382713.8381,Bitcoin (BTC)
2024-08-24 00:00:00,1261916434075.0183,Bitcoin (BTC)
2024-08-25 00:00:00,1264961887998.9824,Bitcoin (BTC)
2024-08-26 00:00:00,1269291077270.1143,Bitcoin (BTC)
2024-08-27 00:00:00,1242487823611.2612,Bitcoin (BTC)
2024-08-28 00:00:00,1176762244308.0742,Bitcoin (BTC)
2024-08-29 00:00:00,1166032395735.947,Bitcoin (BTC)
2024-08-30 00:00:00,1171762256043.917,Bitcoin (BTC)
2024-08-31 00:00:00,1168247205700.9673,Bitcoin (BTC)
2024-09-01 00:00:00,1164278309271.2642,Bitcoin (BTC)
2024-09-02 00:00:00,1133133027660.6194,Bitcoin (BTC)
2024-09-03 00:00:00,1168410293915.9832,Bitcoin (BTC)
2024-09-04 00:00:00,1137361604370.578,Bitcoin (BTC)
2024-09-05 00:00:00,1144983177152.221,Bitcoin (BTC)
2024-09-06 00:00:00,1109212553022.4158,Bitcoin (BTC)
2024-09-07 00:00:00,1065462041080.5197,Bitcoin (BTC)
2024-09-08 00:00:00,1068954727890.2039,Bitcoin (BTC)
2024-09-09 00:00:00,1085390277573.522,Bitcoin (BTC)
2024-09-10 00:00:00,1126840069631.8132,Bitcoin (BTC)
2024-09-11 00:00:00,1137928777838.5286,Bitcoin (BTC)
2024-09-12 00:00:00,1134292554478.847,Bitcoin (BTC)
2024-09-13 00:00:00,1148469900814.253,Bitcoin (BTC)
2024-09-14 00:00:00,1197832322916.0117,Bitcoin (BTC)
2024-09-15 00:00:00,1185255944124.8464,Bitcoin (BTC)
2024-09-16 00:00:00,1169677517083.0613,Bitcoin (BTC)
2024-09-17 00:00:00,1150499194409.9338,Bitcoin (BTC)
2024-09-18 00:00:00,1191818552363.6113,Bitcoin (BTC)
2024-09-19 00:00:00,1211837853548.9263,Bitcoin (BTC)
2024-09-20 00:00:00,1243871590271.4927,Bitcoin (BTC)
2024-09-21 00:00:00,1246475981189.1353,Bitcoin (BTC)
2024-09-22 00:00:00,1254104417392.48,Bitcoin (BTC)
2024-09-23 00:00:00,1255899286380.1958,Bitcoin (BTC)
2024-09-24 00:00:00,1251095079247.0432,Bitcoin (BTC)
2024-09-25 00:00:00,1271183646356.5713,Bitcoin (BTC)
2024-09-26 00:00:00,1245721254991.302,Bitcoin (BTC)
2024-09-27 00:00:00,1287151352432.846,Bitcoin (BTC)
2024-09-28 00:00:00,1299708226182.0723,Bitcoin (BTC)
2024-09-29 00:00:00,1303217687717.8518,Bitcoin (BTC)
2024-09-30 00:00:00,1297825615076.3352,Bitcoin (BTC)
2024-10-01 00:00:00,1249577803402.1707,Bitcoin (BTC)
2024-10-02 00:00:00,1202927109017.5488,Bitcoin (BTC)
2024-10-03 00:00:00,1198652098493.4897,Bitcoin (BTC)
2024-10-04 00:00:00,1200491237695.5154,Bitcoin (BTC)
2024-10-05 00:00:00,1226663492771.043,Bitcoin (BTC)
2024-10-06 00:00:00,1226761949791.163,Bitcoin (BTC)
2024-10-07 00:00:00,1241834324867.657,Bitcoin (BTC)
2024-10-08 00:00:00,1231091696620.0955,Bitcoin (BTC)
2024-10-09 00:00:00,1229717180592.4397,Bitcoin (BTC)
2024-10-10 00:00:00,1197736450280.4102,Bitcoin (BTC)
2024-10-11 00:00:00,1189691671375.1472,Bitcoin (BTC)
2024-10-12 00:00:00,1233357176570.333,Bitcoin (BTC)
2024-10-13 00:00:00,1249002272717.2275,Bitcoin (BTC)
2024-10-14 00:00:00,1241241970951.0295,Bitcoin (BTC)
2024-10-15 00:00:00,1306085613997.8015,Bitcoin (BTC)
2024-10-16 00:00:00,1323774576161.621,Bitcoin (BTC)
2024-10-17 00:00:00,1337304399194.887,Bitcoin (BTC)
2024-10-18 00:00:00,1330387728623.8188,Bitcoin (BTC)
2024-10-19 00:00:00,1353541799303.4875,Bitcoin (BTC)
2024-10-20 00:00:00,1351942347611.1997,Bitcoin (BTC)
2024-10-21 00:00:00,1362381684459.9053,Bitcoin (BTC)
2024-10-22 00:00:00,1332326858574.4448,Bitcoin (BTC)
2024-10-23 00:00:00,1331426858508.4004,Bitcoin (BTC)
2024-10-24 00:00:00,1318285437546.2786,Bitcoin (BTC)
2024-10-25 00:00:00,1347888109010.5889,Bitcoin (BTC)
2024-10-26 00:00:00,1313975091942.221,Bitcoin (BTC)
2024-10-27 00:00:00,1325192118637.2595,Bitcoin (BTC)
2024-10-28 00:00:00,1343350549900.1233,Bitcoin (BTC)
2024-10-29 00:00:00,1380874923096.4146,Bitcoin (BTC)
2024-10-30 00:00:00,1439310420089.3665,Bitcoin (BTC)
2024-10-31 00:00:00,1431085552900.1965,Bitcoin (BTC)
2024-11-01 00:00:00,1390195908292.9321,Bitcoin (BTC)
2024-11-02 00:00:00,1374687306836.925,Bitcoin (BTC)
2024-11-03 00:00:00,1370516856365.7996,Bitcoin (BTC)
2024-11-04 00:00:00,1362302032218.0198,Bitcoin (BTC)
2024-11-05 00:00:00,1340192510479.9568,Bitcoin (BTC)
2024-11-06 00:00:00,1370963795352.6948,Bitcoin (BTC)
2024-11-07 00:00:00,1496392703840.9058,Bitcoin (BTC)
2024-11-08 00:00:00,1502620808927.6982,Bitcoin (BTC)
2024-11-09 00:00:00,1514048743889.1255,Bitcoin (BTC)
2024-11-10 00:00:00,1519470275068.1016,Bitcoin (BTC)
2024-11-11 00:00:00,1590846468754.067,Bitcoin (BTC)
2024-11-12 00:00:00,1756619702929.0437,Bitcoin (BTC)
2024-11-13 00:00:00,1741113172482.1243,Bitcoin (BTC)
2024-11-13 00:40:38,1751511820261.1365,Bitcoin (BTC)
2023-11-15 00:00:00,238322049371.81366,Ethereum (ETH)
2023-11-16 00:00:00,247252247163.20584,Ethereum (ETH)
2023-11-17 00:00:00,235765269163.39795,Ethereum (ETH)
2023-11-18 00:00:00,235552986140.5357,Ethereum (ETH)
2023-11-19 00:00:00,236086751710.85898,Ethereum (ETH)
2023-11-20 00:00:00,242034207822.1622,Ethereum (ETH)
2023-11-21 00:00:00,243006229904.03055,Ethereum (ETH)
2023-11-22 00:00:00,233744228838.17505,Ethereum (ETH)
2023-11-23 00:00:00,248555178589.68716,Ethereum (ETH)
2023-11-24 00:00:00,247876188093.7795,Ethereum (ETH)
2023-11-25 00:00:00,250091072371.2108,Ethereum (ETH)
2023-11-26 00:00:00,250789193104.93494,Ethereum (ETH)
2023-11-27 00:00:00,248377596959.20486,Ethereum (ETH)
2023-11-28 00:00:00,243720423942.89383,Ethereum (ETH)
2023-11-29 00:00:00,246262800348.0733,Ethereum (ETH)
2023-11-30 00:00:00,244001473817.2662,Ethereum (ETH)
2023-12-01 00:00:00,246848217845.14642,Ethereum (ETH)
2023-12-02 00:00:00,250640652575.93158,Ethereum (ETH)
2023-12-03 00:00:00,260240551667.01883,Ethereum (ETH)
2023-12-04 00:00:00,263980793708.9081,Ethereum (ETH)
2023-12-05 00:00:00,269584983992.8464,Ethereum (ETH)
2023-12-06 00:00:00,275703016277.70374,Ethereum (ETH)
2023-12-07 00:00:00,268795534917.09488,Ethereum (ETH)
2023-12-08 00:00:00,283213143190.7205,Ethereum (ETH)
2023-12-09 00:00:00,283054038646.35785,Ethereum (ETH)
2023-12-10 00:00:00,281067496144.66614,Ethereum (ETH)
2023-12-11 00:00:00,282723216106.4694,Ethereum (ETH)
2023-12-12 00:00:00,267009290987.55844,Ethereum (ETH)
2023-12-13 00:00:00,264706953102.87967,Ethereum (ETH)
2023-12-14 00:00:00,271717710927.89438,Ethereum (ETH)
2023-12-15 00:00:00,278468385078.2856,Ethereum (ETH)
2023-12-16 00:00:00,267126085639.7962,Ethereum (ETH)
2023-12-17 00:00:00,267401843617.0704,Ethereum (ETH)
2023-12-18 00:00:00,264433892856.22266,Ethereum (ETH)
2023-12-19 00:00:00,266320508900.2563,Ethereum (ETH)
2023-12-20 00:00:00,261622480885.4028,Ethereum (ETH)
2023-12-21 00:00:00,264119934496.6169,Ethereum (ETH)
2023-12-22 00:00:00,268661930922.99802,Ethereum (ETH)
2023-12-23 00:00:00,279870641392.9921,Ethereum (ETH)
2023-12-24 00:00:00,278079278701.17706,Ethereum (ETH)
2023-12-25 00:00:00,272522653481.91702,Ethereum (ETH)
2023-12-26 00:00:00,273465660867.21106,Ethereum (ETH)
2023-12-27 00:00:00,268089393468.35114,Ethereum (ETH)
2023-12-28 00:00:00,285529301721.8697,Ethereum (ETH)
2023-12-29 00:00:00,282759891474.44507,Ethereum (ETH)
2023-12-30 00:00:00,275996795853.5979,Ethereum (ETH)
2023-12-31 00:00:00,275712397143.1602,Ethereum (ETH)
2024-01-01 00:00:00,274292310008.21802,Ethereum (ETH)
2024-01-02 00:00:00,282101525979.4972,Ethereum (ETH)
2024-01-03 00:00:00,282763246110.9591,Ethereum (ETH)
2024-01-04 00:00:00,265547288684.8233,Ethereum (ETH)
2024-01-05 00:00:00,273109328387.3609,Ethereum (ETH)
2024-01-06 00:00:00,271936377917.22253,Ethereum (ETH)
2024-01-07 00:00:00,269489631471.8874,Ethereum (ETH)
2024-01-08 00:00:00,266240104433.8105,Ethereum (ETH)
2024-01-09 00:00:00,280315688401.5355,Ethereum (ETH)
2024-01-10 00:00:00,281144258787.4874,Ethereum (ETH)
2024-01-11 00:00:00,310821894359.1542,Ethereum (ETH)
2024-01-12 00:00:00,315246203688.67664,Ethereum (ETH)
2024-01-13 00:00:00,302053601477.7291,Ethereum (ETH)
2024-01-14 00:00:00,309464480794.1958,Ethereum (ETH)
2024-01-15 00:00:00,298600912656.6915,Ethereum (ETH)
2024-01-16 00:00:00,302747945005.6386,Ethereum (ETH)
2024-01-17 00:00:00,311194334965.7176,Ethereum (ETH)
2024-01-18 00:00:00,303773198603.9342,Ethereum (ETH)
2024-01-19 00:00:00,296559270703.1602,Ethereum (ETH)
2024-01-20 00:00:00,299282759814.2279,Ethereum (ETH)
2024-01-21 00:00:00,296860256191.2496,Ethereum (ETH)
2024-01-22 00:00:00,295225509771.24744,Ethereum (ETH)
2024-01-23 00:00:00,277803770131.5404,Ethereum (ETH)
2024-01-24 00:00:00,269197026588.32986,Ethereum (ETH)
2024-01-25 00:00:00,268773564276.82663,Ethereum (ETH)
2024-01-26 00:00:00,266831912453.99658,Ethereum (ETH)
2024-01-27 00:00:00,272427889718.48175,Ethereum (ETH)
2024-01-28 00:00:00,272538684736.3818,Ethereum (ETH)
2024-01-29 00:00:00,271358148811.48517,Ethereum (ETH)
2024-01-30 00:00:00,278333996261.6204,Ethereum (ETH)
2024-01-31 00:00:00,281132447253.58405,Ethereum (ETH)
2024-02-01 00:00:00,274484617898.52283,Ethereum (ETH)
2024-02-02 00:00:00,276594158634.78186,Ethereum (ETH)
2024-02-03 00:00:00,277280144884.45764,Ethereum (ETH)
2024-02-04 00:00:00,275659236415.4575,Ethereum (ETH)
2024-02-05 00:00:00,275036393714.7881,Ethereum (ETH)
2024-02-06 00:00:00,276235426059.15094,Ethereum (ETH)
2024-02-07 00:00:00,285135262492.3447,Ethereum (ETH)
2024-02-08 00:00:00,291577099200.45905,Ethereum (ETH)
2024-02-09 00:00:00,291262614487.10425,Ethereum (ETH)
2024-02-10 00:00:00,299195541764.75714,Ethereum (ETH)
2024-02-11 00:00:00,300386801746.03735,Ethereum (ETH)
2024-02-12 00:00:00,300920593632.2626,Ethereum (ETH)
2024-02-13 00:00:00,318954602301.2163,Ethereum (ETH)
2024-02-14 00:00:00,317202178157.9689,Ethereum (ETH)
2024-02-15 00:00:00,334517950729.3397,Ethereum (ETH)
2024-02-16 00:00:00,339786694521.5841,Ethereum (ETH)
2024-02-17 00:00:00,337473828365.6669,Ethereum (ETH)
2024-02-18 00:00:00,335189522076.6866,Ethereum (ETH)
2024-02-19 00:00:00,345342293610.9262,Ethereum (ETH)
2024-02-20 00:00:00,353799552082.8669,Ethereum (ETH)
2024-02-21 00:00:00,362259530911.22736,Ethereum (ETH)
2024-02-22 00:00:00,358396919523.1304,Ethereum (ETH)
2024-02-23 00:00:00,357231363983.11096,Ethereum (ETH)
2024-02-24 00:00:00,351923786349.8605,Ethereum (ETH)
2024-02-25 00:00:00,358958857165.6327,Ethereum (ETH)
2024-02-26 00:00:00,374096903874.8583,Ethereum (ETH)
2024-02-27 00:00:00,381265474877.3842,Ethereum (ETH)
2024-02-28 00:00:00,389432101336.1533,Ethereum (ETH)
2024-02-29 00:00:00,404949329424.75433,Ethereum (ETH)
2024-03-01 00:00:00,403025040377.09424,Ethereum (ETH)
2024-03-02 00:00:00,413003335539.6049,Ethereum (ETH)
2024-03-03 00:00:00,411127183431.9037,Ethereum (ETH)
2024-03-04 00:00:00,418233465071.6696,Ethereum (ETH)
2024-03-05 00:00:00,436264151585.7691,Ethereum (ETH)
2024-03-06 00:00:00,430091528234.3316,Ethereum (ETH)
2024-03-07 00:00:00,458288266056.32635,Ethereum (ETH)
2024-03-08 00:00:00,464203366204.0903,Ethereum (ETH)
2024-03-09 00:00:00,467263068859.23145,Ethereum (ETH)
2024-03-10 00:00:00,470299637817.79364,Ethereum (ETH)
2024-03-11 00:00:00,466687383451.4314,Ethereum (ETH)
2024-03-12 00:00:00,488931556413.2426,Ethereum (ETH)
2024-03-13 00:00:00,477282030875.49994,Ethereum (ETH)
2024-03-14 00:00:00,480989408310.4244,Ethereum (ETH)
2024-03-15 00:00:00,465517630856.3542,Ethereum (ETH)
2024-03-16 00:00:00,449221029692.6131,Ethereum (ETH)
2024-03-17 00:00:00,422006707853.2583,Ethereum (ETH)
2024-03-18 00:00:00,437397993876.3647,Ethereum (ETH)
2024-03-19 00:00:00,423582810891.4091,Ethereum (ETH)
2024-03-20 00:00:00,381561860658.1416,Ethereum (ETH)
2024-03-21 00:00:00,422699933046.073,Ethereum (ETH)
2024-03-22 00:00:00,419250201097.8779,Ethereum (ETH)
2024-03-23 00:00:00,398004903397.5174,Ethereum (ETH)
2024-03-24 00:00:00,402787267255.35004,Ethereum (ETH)
2024-03-25 00:00:00,415227254119.21,Ethereum (ETH)
2024-03-26 00:00:00,429834400084.37524,Ethereum (ETH)
2024-03-27 00:00:00,430639202176.35944,Ethereum (ETH)
2024-03-28 00:00:00,419542828392.99164,Ethereum (ETH)
2024-03-29 00:00:00,427723174069.21906,Ethereum (ETH)
2024-03-30 00:00:00,422181197071.7956,Ethereum (ETH)
2024-03-31 00:00:00,420903294887.95514,Ethereum (ETH)
2024-04-01 00:00:00,437709753307.89496,Ethereum (ETH)
2024-04-02 00:00:00,421860021837.67065,Ethereum (ETH)
2024-04-03 00:00:00,393781420276.9656,Ethereum (ETH)
2024-04-04 00:00:00,398415781571.0026,Ethereum (ETH)
2024-04-05 00:00:00,399925086690.5432,Ethereum (ETH)
2024-04-06 00:00:00,399471237820.5192,Ethereum (ETH)
2024-04-07 00:00:00,403433979836.3418,Ethereum (ETH)
2024-04-08 00:00:00,414896585077.9774,Ethereum (ETH)
2024-04-09 00:00:00,443574943819.1214,Ethereum (ETH)
2024-04-10 00:00:00,421250062703.58765,Ethereum (ETH)
2024-04-11 00:00:00,425100745638.6984,Ethereum (ETH)
2024-04-12 00:00:00,421184318805.19366,Ethereum (ETH)
2024-04-13 00:00:00,389342347417.11646,Ethereum (ETH)
2024-04-14 00:00:00,363676686678.5162,Ethereum (ETH)
2024-04-15 00:00:00,379419782687.94165,Ethereum (ETH)
2024-04-16 00:00:00,372249695864.17804,Ethereum (ETH)
2024-04-17 00:00:00,370234131392.0656,Ethereum (ETH)
2024-04-18 00:00:00,358157898515.81726,Ethereum (ETH)
2024-04-19 00:00:00,368394773234.49,Ethereum (ETH)
2024-04-20 00:00:00,368924952677.7875,Ethereum (ETH)
2024-04-21 00:00:00,378601475454.5042,Ethereum (ETH)
2024-04-22 00:00:00,377835271557.1954,Ethereum (ETH)
2024-04-23 00:00:00,384466906716.16833,Ethereum (ETH)
2024-04-24 00:00:00,392775107740.5133,Ethereum (ETH)
2024-04-25 00:00:00,383068563917.3423,Ethereum (ETH)
2024-04-26 00:00:00,385360500023.0152,Ethereum (ETH)
2024-04-27 00:00:00,381832436730.7926,Ethereum (ETH)
2024-04-28 00:00:00,397162781507.14,Ethereum (ETH)
2024-04-29 00:00:00,398637824441.876,Ethereum (ETH)
2024-04-30 00:00:00,392350038771.61163,Ethereum (ETH)
2024-05-01 00:00:00,368786372970.94403,Ethereum (ETH)
2024-05-02 00:00:00,364276973974.7534,Ethereum (ETH)
2024-05-03 00:00:00,358796765165.93835,Ethereum (ETH)
2024-05-04 00:00:00,373187731785.70636,Ethereum (ETH)
2024-05-05 00:00:00,374188248701.176,Ethereum (ETH)
2024-05-06 00:00:00,376477227799.9195,Ethereum (ETH)
2024-05-07 00:00:00,368312963227.33984,Ethereum (ETH)
2024-05-08 00:00:00,362686607634.315,Ethereum (ETH)
2024-05-09 00:00:00,357038251698.12964,Ethereum (ETH)
2024-05-10 00:00:00,364426702625.02203,Ethereum (ETH)
2024-05-11 00:00:00,349622946794.7746,Ethereum (ETH)
2024-05-12 00:00:00,349391330491.6799,Ethereum (ETH)
2024-05-13 00:00:00,352120009302.884,Ethereum (ETH)
2024-05-14 00:00:00,354155572145.7024,Ethereum (ETH)
2024-05-15 00:00:00,346305956691.41315,Ethereum (ETH)
2024-05-16 00:00:00,365225903815.16327,Ethereum (ETH)
2024-05-17 00:00:00,353501038738.847,Ethereum (ETH)
2024-05-18 00:00:00,371220670629.6318,Ethereum (ETH)
2024-05-19 00:00:00,375206332441.6955,Ethereum (ETH)
2024-05-20 00:00:00,368598090418.054,Ethereum (ETH)
2024-05-21 00:00:00,439830728213.1206,Ethereum (ETH)
2024-05-22 00:00:00,455765526085.79254,Ethereum (ETH)
2024-05-23 00:00:00,449694006822.5555,Ethereum (ETH)
2024-05-24 00:00:00,451934122188.91656,Ethereum (ETH)
2024-05-25 00:00:00,447600344544.24176,Ethereum (ETH)
2024-05-26 00:00:00,450038598582.0329,Ethereum (ETH)
2024-05-27 00:00:00,459504483187.0394,Ethereum (ETH)
2024-05-28 00:00:00,467614044547.03687,Ethereum (ETH)
2024-05-29 00:00:00,462070810453.6889,Ethereum (ETH)
2024-05-30 00:00:00,452762636814.4171,Ethereum (ETH)
2024-05-31 00:00:00,450215609802.7726,Ethereum (ETH)
2024-06-01 00:00:00,452758719430.44403,Ethereum (ETH)
2024-06-02 00:00:00,457995091024.9556,Ethereum (ETH)
2024-06-03 00:00:00,454304865087.93256,Ethereum (ETH)
2024-06-04 00:00:00,452084974218.36816,Ethereum (ETH)
2024-06-05 00:00:00,458132490211.60803,Ethereum (ETH)
2024-06-06 00:00:00,464211497547.6711,Ethereum (ETH)
2024-06-07 00:00:00,458058824868.5632,Ethereum (ETH)
2024-06-08 00:00:00,442056588562.9977,Ethereum (ETH)
2024-06-09 00:00:00,442391279529.5943,Ethereum (ETH)
2024-06-10 00:00:00,445276601430.4424,Ethereum (ETH)
2024-06-11 00:00:00,440506095151.8904,Ethereum (ETH)
2024-06-12 00:00:00,420251663393.7583,Ethereum (ETH)
2024-06-13 00:00:00,427834174694.1308,Ethereum (ETH)
2024-06-14 00:00:00,417151499335.3688,Ethereum (ETH)
2024-06-15 00:00:00,418279823088.9498,Ethereum (ETH)
2024-06-16 00:00:00,428318893969.5867,Ethereum (ETH)
2024-06-17 00:00:00,434773902047.7907,Ethereum (ETH)
2024-06-18 00:00:00,421162133590.23956,Ethereum (ETH)
2024-06-19 00:00:00,424951660073.25385,Ethereum (ETH)
2024-06-20 00:00:00,434492651441.09186,Ethereum (ETH)
2024-06-21 00:00:00,429570574514.96106,Ethereum (ETH)
2024-06-22 00:00:00,430070452526.121,Ethereum (ETH)
2024-06-23 00:00:00,427271533995.02954,Ethereum (ETH)
2024-06-24 00:00:00,418002114768.76056,Ethereum (ETH)
2024-06-25 00:00:00,402843439308.6059,Ethereum (ETH)
2024-06-26 00:00:00,407935619100.4282,Ethereum (ETH)
2024-06-27 00:00:00,404420889593.2137,Ethereum (ETH)
2024-06-28 00:00:00,413911406152.8098,Ethereum (ETH)
2024-06-29 00:00:00,405590219265.00946,Ethereum (ETH)
2024-06-30 00:00:00,405186539487.579,Ethereum (ETH)
2024-07-01 00:00:00,412683392973.9106,Ethereum (ETH)
2024-07-02 00:00:00,413087026853.55963,Ethereum (ETH)
2024-07-03 00:00:00,410850514007.59125,Ethereum (ETH)
2024-07-04 00:00:00,395971730267.60034,Ethereum (ETH)
2024-07-05 00:00:00,369571668593.03217,Ethereum (ETH)
2024-07-06 00:00:00,358878418412.549,Ethereum (ETH)
2024-07-07 00:00:00,368279414918.9943,Ethereum (ETH)
2024-07-08 00:00:00,350977454882.58325,Ethereum (ETH)
2024-07-09 00:00:00,362836336467.41907,Ethereum (ETH)
2024-07-10 00:00:00,368733224976.19775,Ethereum (ETH)
2024-07-11 00:00:00,372867773189.40076,Ethereum (ETH)
2024-07-12 00:00:00,372384838887.21234,Ethereum (ETH)
2024-07-13 00:00:00,376300269815.6458,Ethereum (ETH)
2024-07-14 00:00:00,381711250543.1549,Ethereum (ETH)
2024-07-15 00:00:00,391583812600.5758,Ethereum (ETH)
2024-07-16 00:00:00,419316550609.62476,Ethereum (ETH)
2024-07-17 00:00:00,414703698412.0949,Ethereum (ETH)
2024-07-18 00:00:00,407908628077.67224,Ethereum (ETH)
2024-07-19 00:00:00,412233122047.3164,Ethereum (ETH)
2024-07-20 00:00:00,421392010127.0308,Ethereum (ETH)
2024-07-21 00:00:00,423550664963.50604,Ethereum (ETH)
2024-07-22 00:00:00,424780865928.9678,Ethereum (ETH)
2024-07-23 00:00:00,413961610216.08093,Ethereum (ETH)
2024-07-24 00:00:00,418879212976.89734,Ethereum (ETH)
2024-07-25 00:00:00,401152738546.72644,Ethereum (ETH)
2024-07-26 00:00:00,381782355331.5728,Ethereum (ETH)
2024-07-27 00:00:00,394189879099.2592,Ethereum (ETH)
2024-07-28 00:00:00,391424161950.5181,Ethereum (ETH)
2024-07-29 00:00:00,393579006059.7797,Ethereum (ETH)
2024-07-30 00:00:00,399239444647.5382,Ethereum (ETH)
2024-07-31 00:00:00,393942961780.88654,Ethereum (ETH)
2024-08-01 00:00:00,388633791826.8701,Ethereum (ETH)
2024-08-02 00:00:00,385340171208.75555,Ethereum (ETH)
2024-08-03 00:00:00,358543505038.73834,Ethereum (ETH)
2024-08-04 00:00:00,349395441871.30615,Ethereum (ETH)
2024-08-05 00:00:00,323403607818.7498,Ethereum (ETH)
2024-08-06 00:00:00,291245061884.5607,Ethereum (ETH)
2024-08-07 00:00:00,295168597349.07764,Ethereum (ETH)
2024-08-08 00:00:00,282098261495.40393,Ethereum (ETH)
2024-08-09 00:00:00,322827381254.3183,Ethereum (ETH)
2024-08-10 00:00:00,312353537574.9063,Ethereum (ETH)
2024-08-11 00:00:00,313697482213.2365,Ethereum (ETH)
2024-08-12 00:00:00,307740266021.366,Ethereum (ETH)
2024-08-13 00:00:00,328070186437.41003,Ethereum (ETH)
2024-08-14 00:00:00,325002180894.27686,Ethereum (ETH)
2024-08-15 00:00:00,320231285058.06165,Ethereum (ETH)
2024-08-16 00:00:00,309002097789.9878,Ethereum (ETH)
2024-08-17 00:00:00,311786461030.44476,Ethereum (ETH)
2024-08-18 00:00:00,314212508914.4149,Ethereum (ETH)
2024-08-19 00:00:00,314682052511.7037,Ethereum (ETH)
2024-08-20 00:00:00,317616756579.9527,Ethereum (ETH)
2024-08-21 00:00:00,309867213669.31934,Ethereum (ETH)
2024-08-22 00:00:00,316360729845.1586,Ethereum (ETH)
2024-08-23 00:00:00,315630604929.4857,Ethereum (ETH)
2024-08-24 00:00:00,332181161792.2442,Ethereum (ETH)
2024-08-25 00:00:00,332950073030.8183,Ethereum (ETH)
2024-08-26 00:00:00,330332547375.3104,Ethereum (ETH)
2024-08-27 00:00:00,322816645099.5817,Ethereum (ETH)
2024-08-28 00:00:00,295636169778.93835,Ethereum (ETH)
2024-08-29 00:00:00,303958449107.31573,Ethereum (ETH)
2024-08-30 00:00:00,304106394048.1237,Ethereum (ETH)
2024-08-31 00:00:00,304009556580.61725,Ethereum (ETH)
2024-09-01 00:00:00,302383496015.1365,Ethereum (ETH)
2024-09-02 00:00:00,292436067877.0585,Ethereum (ETH)
2024-09-03 00:00:00,304838837601.64795,Ethereum (ETH)
2024-09-04 00:00:00,293818299349.5953,Ethereum (ETH)
2024-09-05 00:00:00,294329412026.3932,Ethereum (ETH)
2024-09-06 00:00:00,284989115168.67084,Ethereum (ETH)
2024-09-07 00:00:00,267574522057.00296,Ethereum (ETH)
2024-09-08 00:00:00,273350308345.93225,Ethereum (ETH)
2024-09-09 00:00:00,276344419515.7602,Ethereum (ETH)
2024-09-10 00:00:00,284026097136.9972,Ethereum (ETH)
2024-09-11 00:00:00,287422889605.8082,Ethereum (ETH)
2024-09-12 00:00:00,282041230807.9828,Ethereum (ETH)
2024-09-13 00:00:00,284255194234.77527,Ethereum (ETH)
2024-09-14 00:00:00,294131761890.3451,Ethereum (ETH)
2024-09-15 00:00:00,290912717943.81995,Ethereum (ETH)
2024-09-16 00:00:00,279257769574.61383,Ethereum (ETH)
2024-09-17 00:00:00,276339513490.21936,Ethereum (ETH)
2024-09-18 00:00:00,281704536557.3961,Ethereum (ETH)
2024-09-19 00:00:00,283874122378.3681,Ethereum (ETH)
2024-09-20 00:00:00,296680606397.51587,Ethereum (ETH)
2024-09-21 00:00:00,307586864690.1545,Ethereum (ETH)
2024-09-22 00:00:00,315153052833.9301,Ethereum (ETH)
2024-09-23 00:00:00,310840922229.8413,Ethereum (ETH)
2024-09-24 00:00:00,318666137823.1156,Ethereum (ETH)
2024-09-25 00:00:00,319524635350.52515,Ethereum (ETH)
2024-09-26 00:00:00,309875035203.6359,Ethereum (ETH)
2024-09-27 00:00:00,316828988137.27673,Ethereum (ETH)
2024-09-28 00:00:00,324681649929.6723,Ethereum (ETH)
2024-09-29 00:00:00,322761939149.4107,Ethereum (ETH)
2024-09-30 00:00:00,320146112155.9396,Ethereum (ETH)
2024-10-01 00:00:00,312577514239.3695,Ethereum (ETH)
2024-10-02 00:00:00,295243912099.71765,Ethereum (ETH)
2024-10-03 00:00:00,284621591999.18945,Ethereum (ETH)
2024-10-04 00:00:00,282601960212.3656,Ethereum (ETH)
2024-10-05 00:00:00,290928251441.44226,Ethereum (ETH)
2024-10-06 00:00:00,290706276902.6144,Ethereum (ETH)
2024-10-07 00:00:00,293516242471.9333,Ethereum (ETH)
2024-10-08 00:00:00,291612805733.03143,Ethereum (ETH)
2024-10-09 00:00:00,294190554781.40424,Ethereum (ETH)
2024-10-10 00:00:00,285084590935.4484,Ethereum (ETH)
2024-10-11 00:00:00,286552629874.8065,Ethereum (ETH)
2024-10-12 00:00:00,293162664953.97815,Ethereum (ETH)
2024-10-13 00:00:00,298282533565.2097,Ethereum (ETH)
2024-10-14 00:00:00,296977636559.92773,Ethereum (ETH)
2024-10-15 00:00:00,316451494816.54065,Ethereum (ETH)
2024-10-16 00:00:00,313216116600.22363,Ethereum (ETH)
2024-10-17 00:00:00,314435102932.4304,Ethereum (ETH)
2024-10-18 00:00:00,313194633306.5954,Ethereum (ETH)
2024-10-19 00:00:00,318245706033.605,Ethereum (ETH)
2024-10-20 00:00:00,318975355966.1185,Ethereum (ETH)
2024-10-21 00:00:00,330127637903.2564,Ethereum (ETH)
2024-10-22 00:00:00,320871813296.62164,Ethereum (ETH)
2024-10-23 00:00:00,315286963217.6233,Ethereum (ETH)
2024-10-24 00:00:00,303758669310.65466,Ethereum (ETH)
2024-10-25 00:00:00,305016120148.3843,Ethereum (ETH)
2024-10-26 00:00:00,290598017399.4684,Ethereum (ETH)
2024-10-27 00:00:00,298518432454.89374,Ethereum (ETH)
2024-10-28 00:00:00,301656245036.7335,Ethereum (ETH)
2024-10-29 00:00:00,308760527470.31,Ethereum (ETH)
2024-10-30 00:00:00,317633905084.8851,Ethereum (ETH)
2024-10-31 00:00:00,320125387602.99,Ethereum (ETH)
2024-11-01 00:00:00,302903644448.69275,Ethereum (ETH)
2024-11-02 00:00:00,302633410028.4328,Ethereum (ETH)
2024-11-03 00:00:00,299972542553.578,Ethereum (ETH)
2024-11-04 00:00:00,296080479788.81036,Ethereum (ETH)
2024-11-05 00:00:00,288417039274.4664,Ethereum (ETH)
2024-11-06 00:00:00,291680535424.015,Ethereum (ETH)
2024-11-07 00:00:00,327447580506.6538,Ethereum (ETH)
2024-11-08 00:00:00,348640981227.00085,Ethereum (ETH)
2024-11-09 00:00:00,356482981903.24994,Ethereum (ETH)
2024-11-10 00:00:00,376942816358.42664,Ethereum (ETH)
2024-11-11 00:00:00,384143201744.36383,Ethereum (ETH)
2024-11-12 00:00:00,407462829811.2162,Ethereum (ETH)
2024-11-13 00:00:00,392233485413.7434,Ethereum (ETH)
2024-11-13 00:40:00,392439550075.00604,Ethereum (ETH)
2023-11-15 00:00:00,24025150540.45894,Solana (SOL)
2023-11-16 00:00:00,27523565135.285206,Solana (SOL)
2023-11-17 00:00:00,24454321066.849117,Solana (SOL)
2023-11-18 00:00:00,24667662889.707996,Solana (SOL)
2023-11-19 00:00:00,24711969043.560658,Solana (SOL)
2023-11-20 00:00:00,26038968868.90716,Solana (SOL)
2023-11-21 00:00:00,23837278052.150414,Solana (SOL)
2023-11-22 00:00:00,22095435188.78951,Solana (SOL)
2023-11-23 00:00:00,24392491443.20616,Solana (SOL)
2023-11-24 00:00:00,23970546237.515842,Solana (SOL)
2023-11-25 00:00:00,24061449315.617107,Solana (SOL)
2023-11-26 00:00:00,24902981174.693375,Solana (SOL)
2023-11-27 00:00:00,24415212865.335167,Solana (SOL)
2023-11-28 00:00:00,23317839078.34003,Solana (SOL)
2023-11-29 00:00:00,24600212078.53859,Solana (SOL)
2023-11-30 00:00:00,25088888782.540813,Solana (SOL)
2023-12-01 00:00:00,25108803752.086666,Solana (SOL)
2023-12-02 00:00:00,25352598328.428997,Solana (SOL)
2023-12-03 00:00:00,26881444684.92962,Solana (SOL)
2023-12-04 00:00:00,26766190167.25173,Solana (SOL)
2023-12-05 00:00:00,26112261419.98071,Solana (SOL)
2023-12-06 00:00:00,25906943014.62848,Solana (SOL)
2023-12-07 00:00:00,26519800255.084682,Solana (SOL)
2023-12-08 00:00:00,28837571556.753944,Solana (SOL)
2023-12-09 00:00:00,31939635291.86702,Solana (SOL)
2023-12-10 00:00:00,30868914479.546883,Solana (SOL)
2023-12-11 00:00:00,31639909291.568317,Solana (SOL)
2023-12-12 00:00:00,29912836736.92384,Solana (SOL)
2023-12-13 00:00:00,29261837474.95887,Solana (SOL)
2023-12-14 00:00:00,30236312485.346966,Solana (SOL)
2023-12-15 00:00:00,32382885128.146465,Solana (SOL)
2023-12-16 00:00:00,31160870071.512493,Solana (SOL)
2023-12-17 00:00:00,31406371759.65062,Solana (SOL)
2023-12-18 00:00:00,30373366926.657185,Solana (SOL)
2023-12-19 00:00:00,31797760802.78102,Solana (SOL)
2023-12-20 00:00:00,31049007031.4802,Solana (SOL)
2023-12-21 00:00:00,35036559621.049866,Solana (SOL)
2023-12-22 00:00:00,40139662988.83128,Solana (SOL)
2023-12-23 00:00:00,41936984906.30874,Solana (SOL)
2023-12-24 00:00:00,46067150224.366264,Solana (SOL)
2023-12-25 00:00:00,48130186348.93925,Solana (SOL)
2023-12-26 00:00:00,51905964256.03442,Solana (SOL)
2023-12-27 00:00:00,47816051843.275856,Solana (SOL)
2023-12-28 00:00:00,45769688224.76657,Solana (SOL)
2023-12-29 00:00:00,43945886274.36204,Solana (SOL)
2023-12-30 00:00:00,45547782244.27374,Solana (SOL)
2023-12-31 00:00:00,43785435164.6565,Solana (SOL)
2024-01-01 00:00:00,43557642382.91047,Solana (SOL)
2024-01-02 00:00:00,47006338489.28494,Solana (SOL)
2024-01-03 00:00:00,45770111069.17999,Solana (SOL)
2024-01-04 00:00:00,42416625922.3214,Solana (SOL)
2024-01-05 00:00:00,45108341841.75201,Solana (SOL)
2024-01-06 00:00:00,43005412146.86797,Solana (SOL)
2024-01-07 00:00:00,40341046148.6674,Solana (SOL)
2024-01-08 00:00:00,38353496896.01169,Solana (SOL)
2024-01-09 00:00:00,42169330331.765785,Solana (SOL)
2024-01-10 00:00:00,42627288796.39558,Solana (SOL)
2024-01-11 00:00:00,44241372072.84427,Solana (SOL)
2024-01-12 00:00:00,43224396745.535324,Solana (SOL)
2024-01-13 00:00:00,39503238769.71002,Solana (SOL)
2024-01-14 00:00:00,41338579660.93868,Solana (SOL)
2024-01-15 00:00:00,40910904033.30603,Solana (SOL)
2024-01-16 00:00:00,40853886226.541885,Solana (SOL)
2024-01-17 00:00:00,42218185004.543945,Solana (SOL)
2024-01-18 00:00:00,43918459381.6917,Solana (SOL)
2024-01-19 00:00:00,40824171089.702095,Solana (SOL)
2024-01-20 00:00:00,40338377669.27168,Solana (SOL)
2024-01-21 00:00:00,40089978741.00717,Solana (SOL)
2024-01-22 00:00:00,39512481021.428154,Solana (SOL)
2024-01-23 00:00:00,36111047577.45998,Solana (SOL)
2024-01-24 00:00:00,36311461849.31265,Solana (SOL)
2024-01-25 00:00:00,38534021790.14314,Solana (SOL)
2024-01-26 00:00:00,37657090256.50069,Solana (SOL)
2024-01-27 00:00:00,39963699730.98301,Solana (SOL)
2024-01-28 00:00:00,40773572380.15453,Solana (SOL)
2024-01-29 00:00:00,41598860413.28886,Solana (SOL)
2024-01-30 00:00:00,44237194959.54558,Solana (SOL)
2024-01-31 00:00:00,44149841778.04821,Solana (SOL)
2024-02-01 00:00:00,42259374417.28451,Solana (SOL)
2024-02-02 00:00:00,42590324375.05028,Solana (SOL)
2024-02-03 00:00:00,43811141503.445335,Solana (SOL)
2024-02-04 00:00:00,42611107982.48974,Solana (SOL)
2024-02-05 00:00:00,41602993219.1009,Solana (SOL)
2024-02-06 00:00:00,41727362697.026825,Solana (SOL)
2024-02-07 00:00:00,42268993503.10137,Solana (SOL)
2024-02-08 00:00:00,44086978409.43825,Solana (SOL)
2024-02-09 00:00:00,44986092796.23713,Solana (SOL)
2024-02-10 00:00:00,46821270307.69528,Solana (SOL)
2024-02-11 00:00:00,47626799918.99898,Solana (SOL)
2024-02-12 00:00:00,46970508598.610954,Solana (SOL)
2024-02-13 00:00:00,48881521826.95636,Solana (SOL)
2024-02-14 00:00:00,49200636584.9414,Solana (SOL)
2024-02-15 00:00:00,51223725720.39541,Solana (SOL)
2024-02-16 00:00:00,50054269103.93001,Solana (SOL)
2024-02-17 00:00:00,48713273174.4888,Solana (SOL)
2024-02-18 00:00:00,48116477499.560936,Solana (SOL)
2024-02-19 00:00:00,49474158579.09777,Solana (SOL)
2024-02-20 00:00:00,49013622667.08547,Solana (SOL)
2024-02-21 00:00:00,47893142417.96313,Solana (SOL)
2024-02-22 00:00:00,46454513229.83535,Solana (SOL)
2024-02-23 00:00:00,44975179369.543365,Solana (SOL)
2024-02-24 00:00:00,44207212470.28615,Solana (SOL)
2024-02-25 00:00:00,45956101626.76592,Solana (SOL)
2024-02-26 00:00:00,45607368722.22022,Solana (SOL)
2024-02-27 00:00:00,48479693900.729256,Solana (SOL)
2024-02-28 00:00:00,47818062228.12062,Solana (SOL)
2024-02-29 00:00:00,51987858810.85375,Solana (SOL)
2024-03-01 00:00:00,55782452212.297585,Solana (SOL)
2024-03-02 00:00:00,57670794534.933525,Solana (SOL)
2024-03-03 00:00:00,57526283521.35976,Solana (SOL)
2024-03-04 00:00:00,57634661052.93364,Solana (SOL)
2024-03-05 00:00:00,58905211978.42328,Solana (SOL)
2024-03-06 00:00:00,55994211147.81779,Solana (SOL)
2024-03-07 00:00:00,57750807855.93927,Solana (SOL)
2024-03-08 00:00:00,63894153486.63505,Solana (SOL)
2024-03-09 00:00:00,64314627608.68617,Solana (SOL)
2024-03-10 00:00:00,64204155811.87283,Solana (SOL)
2024-03-11 00:00:00,63915400688.66565,Solana (SOL)
2024-03-12 00:00:00,65982204368.10759,Solana (SOL)
2024-03-13 00:00:00,66773366688.398384,Solana (SOL)
2024-03-14 00:00:00,72573154800.36514,Solana (SOL)
2024-03-15 00:00:00,77993881680.2228,Solana (SOL)
2024-03-16 00:00:00,81845073461.4935,Solana (SOL)
2024-03-17 00:00:00,80284415527.02771,Solana (SOL)
2024-03-18 00:00:00,89815964680.74742,Solana (SOL)
2024-03-19 00:00:00,87207130383.47609,Solana (SOL)
2024-03-20 00:00:00,75621938582.8277,Solana (SOL)
2024-03-21 00:00:00,85004052599.30891,Solana (SOL)
2024-03-22 00:00:00,79806198240.29042,Solana (SOL)
2024-03-23 00:00:00,76738474078.01993,Solana (SOL)
2024-03-24 00:00:00,77052625363.61342,Solana (SOL)
2024-03-25 00:00:00,81893130320.22795,Solana (SOL)
2024-03-26 00:00:00,83839327740.13148,Solana (SOL)
2024-03-27 00:00:00,84838706571.2534,Solana (SOL)
2024-03-28 00:00:00,82360081157.45738,Solana (SOL)
2024-03-29 00:00:00,84248853020.74065,Solana (SOL)
2024-03-30 00:00:00,85315571281.60542,Solana (SOL)
2024-03-31 00:00:00,86396723742.68846,Solana (SOL)
2024-04-01 00:00:00,90107848570.01535,Solana (SOL)
2024-04-02 00:00:00,85854792170.67822,Solana (SOL)
2024-04-03 00:00:00,80782956311.50485,Solana (SOL)
2024-04-04 00:00:00,82629121371.8504,Solana (SOL)
2024-04-05 00:00:00,81675237331.00743,Solana (SOL)
2024-04-06 00:00:00,77960489740.01663,Solana (SOL)
2024-04-07 00:00:00,79571266962.5395,Solana (SOL)
2024-04-08 00:00:00,80125616078.59949,Solana (SOL)
2024-04-09 00:00:00,80535874865.26263,Solana (SOL)
2024-04-10 00:00:00,77044233758.35966,Solana (SOL)
2024-04-11 00:00:00,77185741544.09901,Solana (SOL)
2024-04-12 00:00:00,77005624466.19768,Solana (SOL)
2024-04-13 00:00:00,68525412911.207664,Solana (SOL)
2024-04-14 00:00:00,62699848804.0115,Solana (SOL)
2024-04-15 00:00:00,67806499914.97718,Solana (SOL)
2024-04-16 00:00:00,61710007812.6042,Solana (SOL)
2024-04-17 00:00:00,60978610966.59865,Solana (SOL)
2024-04-18 00:00:00,59211788810.436966,Solana (SOL)
2024-04-19 00:00:00,63576116897.51022,Solana (SOL)
2024-04-20 00:00:00,64000098017.81668,Solana (SOL)
2024-04-21 00:00:00,67222429957.26812,Solana (SOL)
2024-04-22 00:00:00,66491092685.51483,Solana (SOL)
2024-04-23 00:00:00,70249892398.89441,Solana (SOL)
2024-04-24 00:00:00,69275570262.24135,Solana (SOL)
2024-04-25 00:00:00,66011712440.540405,Solana (SOL)
2024-04-26 00:00:00,64868424520.28813,Solana (SOL)
2024-04-27 00:00:00,62238094836.14685,Solana (SOL)
2024-04-28 00:00:00,63319042460.19269,Solana (SOL)
2024-04-29 00:00:00,61615451344.778175,Solana (SOL)
2024-04-30 00:00:00,61596557366.24163,Solana (SOL)
2024-05-01 00:00:00,57068380747.46253,Solana (SOL)
2024-05-02 00:00:00,60292554289.61039,Solana (SOL)
2024-05-03 00:00:00,61642176220.23793,Solana (SOL)
2024-05-04 00:00:00,64310515828.20989,Solana (SOL)
2024-05-05 00:00:00,65431940754.60709,Solana (SOL)
2024-05-06 00:00:00,65139241740.40005,Solana (SOL)
2024-05-07 00:00:00,68319201227.67775,Solana (SOL)
2024-05-08 00:00:00,66642348637.88412,Solana (SOL)
2024-05-09 00:00:00,63778648967.760185,Solana (SOL)
2024-05-10 00:00:00,68446070757.00757,Solana (SOL)
2024-05-11 00:00:00,65576191712.31699,Solana (SOL)
2024-05-12 00:00:00,65186852360.18265,Solana (SOL)
2024-05-13 00:00:00,64399645373.94642,Solana (SOL)
2024-05-14 00:00:00,65981164547.77246,Solana (SOL)
2024-05-15 00:00:00,63808410155.384514,Solana (SOL)
2024-05-16 00:00:00,71124365755.64029,Solana (SOL)
2024-05-17 00:00:00,71485848565.0468,Solana (SOL)
2024-05-18 00:00:00,75995591371.301,Solana (SOL)
2024-05-19 00:00:00,77423323444.23485,Solana (SOL)
2024-05-20 00:00:00,76312677475.9591,Solana (SOL)
2024-05-21 00:00:00,83636200098.33824,Solana (SOL)
2024-05-22 00:00:00,79995115480.06287,Solana (SOL)
2024-05-23 00:00:00,79409425754.64302,Solana (SOL)
2024-05-24 00:00:00,79228788063.89075,Solana (SOL)
2024-05-25 00:00:00,75398208636.16145,Solana (SOL)
2024-05-26 00:00:00,75661703605.5672,Solana (SOL)
2024-05-27 00:00:00,73367866647.74002,Solana (SOL)
2024-05-28 00:00:00,76290531024.18916,Solana (SOL)
2024-05-29 00:00:00,77608694232.90857,Solana (SOL)
2024-05-30 00:00:00,77252186457.9422,Solana (SOL)
2024-05-31 00:00:00,76758497378.74059,Solana (SOL)
2024-06-01 00:00:00,76308339528.46367,Solana (SOL)
2024-06-02 00:00:00,76177678589.68294,Solana (SOL)
2024-06-03 00:00:00,75050958641.62373,Solana (SOL)
2024-06-04 00:00:00,75681627881.0628,Solana (SOL)
2024-06-05 00:00:00,78880758222.48264,Solana (SOL)
2024-06-06 00:00:00,79780936079.13075,Solana (SOL)
2024-06-07 00:00:00,78444394866.65672,Solana (SOL)
2024-06-08 00:00:00,74856130848.93568,Solana (SOL)
2024-06-09 00:00:00,72835917814.34517,Solana (SOL)
2024-06-10 00:00:00,74673430538.47688,Solana (SOL)
2024-06-11 00:00:00,73151424296.10939,Solana (SOL)
2024-06-12 00:00:00,68854872917.61719,Solana (SOL)
2024-06-13 00:00:00,71448945051.62373,Solana (SOL)
2024-06-14 00:00:00,68032711460.25852,Solana (SOL)
2024-06-15 00:00:00,66064522093.40304,Solana (SOL)
2024-06-16 00:00:00,67039970053.087814,Solana (SOL)
2024-06-17 00:00:00,69579290410.68553,Solana (SOL)
2024-06-18 00:00:00,66094864030.905464,Solana (SOL)
2024-06-19 00:00:00,63233499041.35268,Solana (SOL)
2024-06-20 00:00:00,62361208241.968605,Solana (SOL)
2024-06-21 00:00:00,61706156570.99528,Solana (SOL)
2024-06-22 00:00:00,62078256801.37986,Solana (SOL)
2024-06-23 00:00:00,61606686233.870865,Solana (SOL)
2024-06-24 00:00:00,59352841547.741,Solana (SOL)
2024-06-25 00:00:00,61042345065.70789,Solana (SOL)
2024-06-26 00:00:00,63106257051.66343,Solana (SOL)
2024-06-27 00:00:00,63108597357.703316,Solana (SOL)
2024-06-28 00:00:00,68956935473.7399,Solana (SOL)
2024-06-29 00:00:00,64611649671.817276,Solana (SOL)
2024-06-30 00:00:00,64693099935.25913,Solana (SOL)
2024-07-01 00:00:00,67675125124.59939,Solana (SOL)
2024-07-02 00:00:00,67673065514.69488,Solana (SOL)
2024-07-03 00:00:00,71136229946.13242,Solana (SOL)
2024-07-04 00:00:00,65082723830.858505,Solana (SOL)
2024-07-05 00:00:00,59426641950.27212,Solana (SOL)
2024-07-06 00:00:00,62269271952.277084,Solana (SOL)
2024-07-07 00:00:00,66217813182.98343,Solana (SOL)
2024-07-08 00:00:00,61059941285.76865,Solana (SOL)
2024-07-09 00:00:00,64537904951.409996,Solana (SOL)
2024-07-10 00:00:00,65737860357.994644,Solana (SOL)
2024-07-11 00:00:00,65837743099.40003,Solana (SOL)
2024-07-12 00:00:00,63095416379.09987,Solana (SOL)
2024-07-13 00:00:00,64601740344.9905,Solana (SOL)
2024-07-14 00:00:00,65828079252.62245,Solana (SOL)
2024-07-15 00:00:00,68729116144.65176,Solana (SOL)
2024-07-16 00:00:00,74102104615.57973,Solana (SOL)
2024-07-17 00:00:00,74732938819.62112,Solana (SOL)
2024-07-18 00:00:00,72209875941.80649,Solana (SOL)
2024-07-19 00:00:00,73852444296.54735,Solana (SOL)
2024-07-20 00:00:00,78561627383.88539,Solana (SOL)
2024-07-21 00:00:00,80854762308.1409,Solana (SOL)
2024-07-22 00:00:00,85429935644.31656,Solana (SOL)
2024-07-23 00:00:00,83131628699.86516,Solana (SOL)
2024-07-24 00:00:00,80374938686.50865,Solana (SOL)
2024-07-25 00:00:00,82711015097.19257,Solana (SOL)
2024-07-26 00:00:00,79757334803.65512,Solana (SOL)
2024-07-27 00:00:00,85018101278.7471,Solana (SOL)
2024-07-28 00:00:00,85827248193.04897,Solana (SOL)
2024-07-29 00:00:00,85867074048.95665,Solana (SOL)
2024-07-30 00:00:00,84999082716.62422,Solana (SOL)
2024-07-31 00:00:00,83221052241.06827,Solana (SOL)
2024-08-01 00:00:00,79950614578.09938,Solana (SOL)
2024-08-02 00:00:00,78136018435.09514,Solana (SOL)
2024-08-03 00:00:00,70897108855.05199,Solana (SOL)
2024-08-04 00:00:00,66539693653.10327,Solana (SOL)
2024-08-05 00:00:00,64069506751.66353,Solana (SOL)
2024-08-06 00:00:00,60385581799.65134,Solana (SOL)
2024-08-07 00:00:00,66888724877.82549,Solana (SOL)
2024-08-08 00:00:00,67833484660.8793,Solana (SOL)
2024-08-09 00:00:00,75605989422.61879,Solana (SOL)
2024-08-10 00:00:00,72748882742.7244,Solana (SOL)
2024-08-11 00:00:00,71780208858.93105,Solana (SOL)
2024-08-12 00:00:00,65970515368.134636,Solana (SOL)
2024-08-13 00:00:00,68410924515.65011,Solana (SOL)
2024-08-14 00:00:00,68523383455.0084,Solana (SOL)
2024-08-15 00:00:00,67161503325.74234,Solana (SOL)
2024-08-16 00:00:00,66618864444.49498,Solana (SOL)
2024-08-17 00:00:00,64863103906.70795,Solana (SOL)
2024-08-18 00:00:00,66056074283.6682,Solana (SOL)
2024-08-19 00:00:00,66473085149.04257,Solana (SOL)
2024-08-20 00:00:00,67367254143.214,Solana (SOL)
2024-08-21 00:00:00,66476153688.20832,Solana (SOL)
2024-08-22 00:00:00,66440969750.356964,Solana (SOL)
2024-08-23 00:00:00,66761547034.590904,Solana (SOL)
2024-08-24 00:00:00,71446953314.36082,Solana (SOL)
2024-08-25 00:00:00,74722638007.98097,Solana (SOL)
2024-08-26 00:00:00,73951133109.2744,Solana (SOL)
2024-08-27 00:00:00,73245258412.5275,Solana (SOL)
2024-08-28 00:00:00,68457640743.58645,Solana (SOL)
2024-08-29 00:00:00,67227955365.65928,Solana (SOL)
2024-08-30 00:00:00,65235562102.47011,Solana (SOL)
2024-08-31 00:00:00,64456415887.360794,Solana (SOL)
2024-09-01 00:00:00,63101327572.9293,Solana (SOL)
2024-09-02 00:00:00,60117065789.91227,Solana (SOL)
2024-09-03 00:00:00,62985001475.25302,Solana (SOL)
2024-09-04 00:00:00,59614645974.77863,Solana (SOL)
2024-09-05 00:00:00,62251929888.190506,Solana (SOL)
2024-09-06 00:00:00,60387775938.96441,Solana (SOL)
2024-09-07 00:00:00,58344018515.973,Solana (SOL)
2024-09-08 00:00:00,59680948983.96793,Solana (SOL)
2024-09-09 00:00:00,60759608104.47203,Solana (SOL)
2024-09-10 00:00:00,63097455959.70133,Solana (SOL)
2024-09-11 00:00:00,63391578712.57823,Solana (SOL)
2024-09-12 00:00:00,62056036481.49285,Solana (SOL)
2024-09-13 00:00:00,63757976308.15953,Solana (SOL)
2024-09-14 00:00:00,65041521980.833916,Solana (SOL)
2024-09-15 00:00:00,64231025021.070015,Solana (SOL)
2024-09-16 00:00:00,61583690049.17375,Solana (SOL)
2024-09-17 00:00:00,61587188878.89927,Solana (SOL)
2024-09-18 00:00:00,61598080482.36476,Solana (SOL)
2024-09-19 00:00:00,62403271563.93473,Solana (SOL)
2024-09-20 00:00:00,66808347524.87485,Solana (SOL)
2024-09-21 00:00:00,68638372124.58108,Solana (SOL)
2024-09-22 00:00:00,70140329689.73108,Solana (SOL)
2024-09-23 00:00:00,67842797097.467896,Solana (SOL)
2024-09-24 00:00:00,67870222047.840904,Solana (SOL)
2024-09-25 00:00:00,71709338801.75752,Solana (SOL)
2024-09-26 00:00:00,69291597151.69516,Solana (SOL)
2024-09-27 00:00:00,72884471285.93079,Solana (SOL)
2024-09-28 00:00:00,73978003988.83308,Solana (SOL)
2024-09-29 00:00:00,73518555009.73824,Solana (SOL)
2024-09-30 00:00:00,74369588837.65268,Solana (SOL)
2024-10-01 00:00:00,71395922727.94426,Solana (SOL)
2024-10-02 00:00:00,68058487039.17453,Solana (SOL)
2024-10-03 00:00:00,65807677885.54672,Solana (SOL)
2024-10-04 00:00:00,64050560287.44469,Solana (SOL)
2024-10-05 00:00:00,67069277149.62741,Solana (SOL)
2024-10-06 00:00:00,66856779428.43124,Solana (SOL)
2024-10-07 00:00:00,68620543171.31388,Solana (SOL)
2024-10-08 00:00:00,67824969530.69777,Solana (SOL)
2024-10-09 00:00:00,67328950381.83993,Solana (SOL)
2024-10-10 00:00:00,65433504789.60537,Solana (SOL)
2024-10-11 00:00:00,65104986869.39701,Solana (SOL)
2024-10-12 00:00:00,68238430125.58685,Solana (SOL)
2024-10-13 00:00:00,68817502222.73967,Solana (SOL)
2024-10-14 00:00:00,69243494227.1722,Solana (SOL)
2024-10-15 00:00:00,73962264985.11276,Solana (SOL)
2024-10-16 00:00:00,72639268353.59418,Solana (SOL)
2024-10-17 00:00:00,72422733078.47534,Solana (SOL)
2024-10-18 00:00:00,70573405283.51457,Solana (SOL)
2024-10-19 00:00:00,72886877673.2116,Solana (SOL)
2024-10-20 00:00:00,74964939765.94617,Solana (SOL)
2024-10-21 00:00:00,78229210681.92538,Solana (SOL)
2024-10-22 00:00:00,78180519224.39232,Solana (SOL)
2024-10-23 00:00:00,78495515410.02502,Solana (SOL)
2024-10-24 00:00:00,80605199376.19403,Solana (SOL)
2024-10-25 00:00:00,83303181938.57568,Solana (SOL)
2024-10-26 00:00:00,77285778632.20319,Solana (SOL)
2024-10-27 00:00:00,80185439054.50378,Solana (SOL)
2024-10-28 00:00:00,83135834565.19875,Solana (SOL)
2024-10-29 00:00:00,83861396528.21255,Solana (SOL)
2024-10-30 00:00:00,84365189646.56198,Solana (SOL)
2024-10-31 00:00:00,82365474416.0372,Solana (SOL)
2024-11-01 00:00:00,79289455541.87051,Solana (SOL)
2024-11-02 00:00:00,78250082081.93033,Solana (SOL)
2024-11-03 00:00:00,78131615349.70734,Solana (SOL)
2024-11-04 00:00:00,76639755911.6,Solana (SOL)
2024-11-05 00:00:00,74183140424.87337,Solana (SOL)
2024-11-06 00:00:00,78482680246.56433,Solana (SOL)
2024-11-07 00:00:00,88185066303.67917,Solana (SOL)
2024-11-08 00:00:00,92394882481.30789,Solana (SOL)
2024-11-09 00:00:00,94211532387.97975,Solana (SOL)
2024-11-10 00:00:00,94841594020.38661,Solana (SOL)
2024-11-11 00:00:00,99044422018.77545,Solana (SOL)
2024-11-12 00:00:00,105178890848.891,Solana (SOL)
2024-11-13 00:00:00,100554180075.78313,Solana (SOL)
2024-11-13 00:41:37,100239676787.98492,Solana (SOL)
2023-11-15 00:00:00,87069254488.00314,Tether (USDT)
2023-11-16 00:00:00,87330293256.90219,Tether (USDT)
2023-11-17 00:00:00,87433708811.30647,Tether (USDT)
2023-11-18 00:00:00,87575507814.81499,Tether (USDT)
2023-11-19 00:00:00,87745529028.2199,Tether (USDT)
2023-11-20 00:00:00,87719871443.19617,Tether (USDT)
2023-11-21 00:00:00,87738748115.10922,Tether (USDT)
2023-11-22 00:00:00,87923200610.43375,Tether (USDT)
2023-11-23 00:00:00,88395010860.2725,Tether (USDT)
2023-11-24 00:00:00,88521918320.8052,Tether (USDT)
2023-11-25 00:00:00,88586091086.36794,Tether (USDT)
2023-11-26 00:00:00,88779808674.98494,Tether (USDT)
2023-11-27 00:00:00,88746412388.52766,Tether (USDT)
2023-11-28 00:00:00,88794083114.61061,Tether (USDT)
2023-11-29 00:00:00,88902002105.36464,Tether (USDT)
2023-11-30 00:00:00,89084951252.75563,Tether (USDT)
2023-12-01 00:00:00,89288339819.9511,Tether (USDT)
2023-12-02 00:00:00,89384249584.62776,Tether (USDT)
2023-12-03 00:00:00,89567299871.82498,Tether (USDT)
2023-12-04 00:00:00,89672338130.95718,Tether (USDT)
2023-12-05 00:00:00,89712226019.01518,Tether (USDT)
2023-12-06 00:00:00,89954651881.01256,Tether (USDT)
2023-12-07 00:00:00,89947739514.69337,Tether (USDT)
2023-12-08 00:00:00,90118570091.71358,Tether (USDT)
2023-12-09 00:00:00,90313892604.98276,Tether (USDT)
2023-12-10 00:00:00,90697180084.94415,Tether (USDT)
2023-12-11 00:00:00,90619185009.48459,Tether (USDT)
2023-12-12 00:00:00,90552653809.92912,Tether (USDT)
2023-12-13 00:00:00,90618504336.49426,Tether (USDT)
2023-12-14 00:00:00,90695509418.53244,Tether (USDT)
2023-12-15 00:00:00,90827525607.944,Tether (USDT)
2023-12-16 00:00:00,90736741067.09624,Tether (USDT)
2023-12-17 00:00:00,90854983802.11975,Tether (USDT)
2023-12-18 00:00:00,90872426679.6594,Tether (USDT)
2023-12-19 00:00:00,90931108068.30547,Tether (USDT)
2023-12-20 00:00:00,90960533050.72403,Tether (USDT)
2023-12-21 00:00:00,90953421967.0991,Tether (USDT)
2023-12-22 00:00:00,91062560834.52438,Tether (USDT)
2023-12-23 00:00:00,91196913161.69775,Tether (USDT)
2023-12-24 00:00:00,91288621400.19968,Tether (USDT)
2023-12-25 00:00:00,91321270663.5734,Tether (USDT)
2023-12-26 00:00:00,91328934694.70305,Tether (USDT)
2023-12-27 00:00:00,91384051292.9767,Tether (USDT)
2023-12-28 00:00:00,91451080290.98013,Tether (USDT)
2023-12-29 00:00:00,91563523683.55397,Tether (USDT)
2023-12-30 00:00:00,91575330091.00008,Tether (USDT)
2023-12-31 00:00:00,91696771362.57607,Tether (USDT)
2024-01-01 00:00:00,91724474427.71652,Tether (USDT)
2024-01-02 00:00:00,91730242123.06653,Tether (USDT)
2024-01-03 00:00:00,91717780780.93268,Tether (USDT)
2024-01-04 00:00:00,92142753304.79715,Tether (USDT)
2024-01-05 00:00:00,92526809338.21547,Tether (USDT)
2024-01-06 00:00:00,92858801168.91245,Tether (USDT)
2024-01-07 00:00:00,93445427842.21959,Tether (USDT)
2024-01-08 00:00:00,93704952521.56448,Tether (USDT)
2024-01-09 00:00:00,94083713350.7766,Tether (USDT)
2024-01-10 00:00:00,94064205857.57541,Tether (USDT)
2024-01-11 00:00:00,94504765887.63194,Tether (USDT)
2024-01-12 00:00:00,95062620421.8833,Tether (USDT)
2024-01-13 00:00:00,95002649650.03416,Tether (USDT)
2024-01-14 00:00:00,94996286994.14041,Tether (USDT)
2024-01-15 00:00:00,95050997231.00322,Tether (USDT)
2024-01-16 00:00:00,95255892093.39702,Tether (USDT)
2024-01-17 00:00:00,95104647039.71397,Tether (USDT)
2024-01-18 00:00:00,95125787221.11208,Tether (USDT)
2024-01-19 00:00:00,94955321534.46254,Tether (USDT)
2024-01-20 00:00:00,94967646330.98743,Tether (USDT)
2024-01-21 00:00:00,94983399556.99968,Tether (USDT)
2024-01-22 00:00:00,94910190842.17227,Tether (USDT)
2024-01-23 00:00:00,94768937396.33646,Tether (USDT)
2024-01-24 00:00:00,95571888926.80939,Tether (USDT)
2024-01-25 00:00:00,95512604443.57683,Tether (USDT)
2024-01-26 00:00:00,95526771968.36725,Tether (USDT)
2024-01-27 00:00:00,95549259109.50241,Tether (USDT)
2024-01-28 00:00:00,96043727984.62862,Tether (USDT)
2024-01-29 00:00:00,96013416643.31122,Tether (USDT)
2024-01-30 00:00:00,96108546237.88614,Tether (USDT)
2024-01-31 00:00:00,95993659299.87637,Tether (USDT)
2024-02-01 00:00:00,96142607456.75385,Tether (USDT)
2024-02-02 00:00:00,96250022548.61604,Tether (USDT)
2024-02-03 00:00:00,96215760125.4551,Tether (USDT)
2024-02-04 00:00:00,96211660645.13791,Tether (USDT)
2024-02-05 00:00:00,96140803757.7661,Tether (USDT)
2024-02-06 00:00:00,96120543211.64397,Tether (USDT)
2024-02-07 00:00:00,96117987589.62988,Tether (USDT)
2024-02-08 00:00:00,96220233912.91455,Tether (USDT)
2024-02-09 00:00:00,96268386138.41594,Tether (USDT)
2024-02-10 00:00:00,96272021104.86113,Tether (USDT)
2024-02-11 00:00:00,96349651423.53716,Tether (USDT)
2024-02-12 00:00:00,96520553678.616,Tether (USDT)
2024-02-13 00:00:00,96695482935.4225,Tether (USDT)
2024-02-14 00:00:00,96762387718.77711,Tether (USDT)
2024-02-15 00:00:00,96979195440.37872,Tether (USDT)
2024-02-16 00:00:00,97265775292.20654,Tether (USDT)
2024-02-17 00:00:00,97583119422.9608,Tether (USDT)
2024-02-18 00:00:00,97716632679.09314,Tether (USDT)
2024-02-19 00:00:00,97661857628.50089,Tether (USDT)
2024-02-20 00:00:00,97674633134.28976,Tether (USDT)
2024-02-21 00:00:00,97879397783.318,Tether (USDT)
2024-02-22 00:00:00,98144682611.99107,Tether (USDT)
2024-02-23 00:00:00,97790168760.62076,Tether (USDT)
2024-02-24 00:00:00,97932080922.40405,Tether (USDT)
2024-02-25 00:00:00,97845940204.68391,Tether (USDT)
2024-02-26 00:00:00,97906044227.10301,Tether (USDT)
2024-02-27 00:00:00,98159651669.30667,Tether (USDT)
2024-02-28 00:00:00,98383119474.09435,Tether (USDT)
2024-02-29 00:00:00,98408639152.57326,Tether (USDT)
2024-03-01 00:00:00,98821123301.17656,Tether (USDT)
2024-03-02 00:00:00,99274662637.20981,Tether (USDT)
2024-03-03 00:00:00,99236691116.65791,Tether (USDT)
2024-03-04 00:00:00,99558140762.95117,Tether (USDT)
2024-03-05 00:00:00,99604141292.36678,Tether (USDT)
2024-03-06 00:00:00,100445783977.86188,Tether (USDT)
2024-03-07 00:00:00,100524264534.42273,Tether (USDT)
2024-03-08 00:00:00,100821677144.31422,Tether (USDT)
2024-03-09 00:00:00,101243181280.85776,Tether (USDT)
2024-03-10 00:00:00,101814936996.92035,Tether (USDT)
2024-03-11 00:00:00,102297568054.78017,Tether (USDT)
2024-03-12 00:00:00,102035960671.74452,Tether (USDT)
2024-03-13 00:00:00,102414694159.27917,Tether (USDT)
2024-03-14 00:00:00,102757940827.66809,Tether (USDT)
2024-03-15 00:00:00,102930574059.65363,Tether (USDT)
2024-03-16 00:00:00,103373346487.36938,Tether (USDT)
2024-03-17 00:00:00,102917484336.03958,Tether (USDT)
2024-03-18 00:00:00,103492063270.97023,Tether (USDT)
2024-03-19 00:00:00,103358414046.23233,Tether (USDT)
2024-03-20 00:00:00,103787308309.56381,Tether (USDT)
2024-03-21 00:00:00,103705912309.60864,Tether (USDT)
2024-03-22 00:00:00,103924885647.43254,Tether (USDT)
2024-03-23 00:00:00,104042955962.91965,Tether (USDT)
2024-03-24 00:00:00,103995094518.03923,Tether (USDT)
2024-03-25 00:00:00,104029403026.70131,Tether (USDT)
2024-03-26 00:00:00,103791045667.34555,Tether (USDT)
2024-03-27 00:00:00,104171067977.45193,Tether (USDT)
2024-03-28 00:00:00,104315388264.08395,Tether (USDT)
2024-03-29 00:00:00,104365606173.60553,Tether (USDT)
2024-03-30 00:00:00,104553076925.74918,Tether (USDT)
2024-03-31 00:00:00,104538350178.93846,Tether (USDT)
2024-04-01 00:00:00,104510345551.65152,Tether (USDT)
2024-04-02 00:00:00,104466269110.30553,Tether (USDT)
2024-04-03 00:00:00,104665901774.137,Tether (USDT)
2024-04-04 00:00:00,105331957106.8992,Tether (USDT)
2024-04-05 00:00:00,106232925072.30151,Tether (USDT)
2024-04-06 00:00:00,106688966458.94902,Tether (USDT)
2024-04-07 00:00:00,106793326057.98431,Tether (USDT)
2024-04-08 00:00:00,106908680868.15749,Tether (USDT)
2024-04-09 00:00:00,107051011825.39127,Tether (USDT)
2024-04-10 00:00:00,107124650258.78198,Tether (USDT)
2024-04-11 00:00:00,107165949185.65504,Tether (USDT)
2024-04-12 00:00:00,107325379612.11052,Tether (USDT)
2024-04-13 00:00:00,107393356511.04422,Tether (USDT)
2024-04-14 00:00:00,107379449339.8307,Tether (USDT)
2024-04-15 00:00:00,107753288138.4161,Tether (USDT)
2024-04-16 00:00:00,107841139879.75867,Tether (USDT)
2024-04-17 00:00:00,108064659123.57814,Tether (USDT)
2024-04-18 00:00:00,108719080825.00638,Tether (USDT)
2024-04-19 00:00:00,109084372698.51892,Tether (USDT)
2024-04-20 00:00:00,109818847614.42294,Tether (USDT)
2024-04-21 00:00:00,109776804504.99731,Tether (USDT)
2024-04-22 00:00:00,109867996220.01157,Tether (USDT)
2024-04-23 00:00:00,109891550171.73848,Tether (USDT)
2024-04-24 00:00:00,110436760601.5455,Tether (USDT)
2024-04-25 00:00:00,110475849461.28783,Tether (USDT)
2024-04-26 00:00:00,110438459159.58118,Tether (USDT)
2024-04-27 00:00:00,110388612840.56868,Tether (USDT)
2024-04-28 00:00:00,110489863655.27005,Tether (USDT)
2024-04-29 00:00:00,110621142036.5963,Tether (USDT)
2024-04-30 00:00:00,110513523759.51324,Tether (USDT)
2024-05-01 00:00:00,110569151502.23439,Tether (USDT)
2024-05-02 00:00:00,110656637832.43396,Tether (USDT)
2024-05-03 00:00:00,110617957580.45146,Tether (USDT)
2024-05-04 00:00:00,110688767950.9928,Tether (USDT)
2024-05-05 00:00:00,110788373070.3052,Tether (USDT)
2024-05-06 00:00:00,110825639138.4978,Tether (USDT)
2024-05-07 00:00:00,110901272818.84515,Tether (USDT)
2024-05-08 00:00:00,110976763728.73067,Tether (USDT)
2024-05-09 00:00:00,110896762597.93077,Tether (USDT)
2024-05-10 00:00:00,110971026530.67667,Tether (USDT)
2024-05-11 00:00:00,110774390759.57964,Tether (USDT)
2024-05-12 00:00:00,110785721838.09195,Tether (USDT)
2024-05-13 00:00:00,110786173480.94705,Tether (USDT)
2024-05-14 00:00:00,110878655264.58968,Tether (USDT)
2024-05-15 00:00:00,110824101343.60278,Tether (USDT)
2024-05-16 00:00:00,111085894494.84897,Tether (USDT)
2024-05-17 00:00:00,111196169794.36563,Tether (USDT)
2024-05-18 00:00:00,111243776375.39421,Tether (USDT)
2024-05-19 00:00:00,111359640225.01974,Tether (USDT)
2024-05-20 00:00:00,111417921223.84227,Tether (USDT)
2024-05-21 00:00:00,111437165600.77734,Tether (USDT)
2024-05-22 00:00:00,111349558834.47974,Tether (USDT)
2024-05-23 00:00:00,111691996591.71736,Tether (USDT)
2024-05-24 00:00:00,111764202935.80167,Tether (USDT)
2024-05-25 00:00:00,111803675088.15273,Tether (USDT)
2024-05-26 00:00:00,111889805136.25816,Tether (USDT)
2024-05-27 00:00:00,111943843747.67766,Tether (USDT)
2024-05-28 00:00:00,111876918242.1823,Tether (USDT)
2024-05-29 00:00:00,111848018348.95625,Tether (USDT)
2024-05-30 00:00:00,111820341327.84586,Tether (USDT)
2024-05-31 00:00:00,111910136577.73402,Tether (USDT)
2024-06-01 00:00:00,111944442929.55719,Tether (USDT)
2024-06-02 00:00:00,112022209734.80095,Tether (USDT)
2024-06-03 00:00:00,112171060130.30632,Tether (USDT)
2024-06-04 00:00:00,112142019565.9242,Tether (USDT)
2024-06-05 00:00:00,112281746542.09529,Tether (USDT)
2024-06-06 00:00:00,112346421995.96095,Tether (USDT)
2024-06-07 00:00:00,112325076097.17409,Tether (USDT)
2024-06-08 00:00:00,112411365894.45067,Tether (USDT)
2024-06-09 00:00:00,112446413981.99077,Tether (USDT)
2024-06-10 00:00:00,112447581346.10068,Tether (USDT)
2024-06-11 00:00:00,112426710109.16006,Tether (USDT)
2024-06-12 00:00:00,112470603685.09749,Tether (USDT)
2024-06-13 00:00:00,112467405781.20659,Tether (USDT)
2024-06-14 00:00:00,112494742935.99934,Tether (USDT)
2024-06-15 00:00:00,112546470868.61417,Tether (USDT)
2024-06-16 00:00:00,112478658243.1094,Tether (USDT)
2024-06-17 00:00:00,112505590399.30226,Tether (USDT)
2024-06-18 00:00:00,112484967919.06068,Tether (USDT)
2024-06-19 00:00:00,112466787566.21782,Tether (USDT)
2024-06-20 00:00:00,112574268895.40561,Tether (USDT)
2024-06-21 00:00:00,112812642970.5168,Tether (USDT)
2024-06-22 00:00:00,112842896834.38023,Tether (USDT)
2024-06-23 00:00:00,112879995149.43495,Tether (USDT)
2024-06-24 00:00:00,112889309017.79941,Tether (USDT)
2024-06-25 00:00:00,112854331672.7581,Tether (USDT)
2024-06-26 00:00:00,112916220647.86284,Tether (USDT)
2024-06-27 00:00:00,112747052708.12402,Tether (USDT)
2024-06-28 00:00:00,112628423054.46776,Tether (USDT)
2024-06-29 00:00:00,112603785912.8908,Tether (USDT)
2024-06-30 00:00:00,112627263201.00249,Tether (USDT)
2024-07-01 00:00:00,112725742595.5801,Tether (USDT)
2024-07-02 00:00:00,112763737088.27277,Tether (USDT)
2024-07-03 00:00:00,112645772763.98341,Tether (USDT)
2024-07-04 00:00:00,112523154794.54384,Tether (USDT)
2024-07-05 00:00:00,112519507193.84312,Tether (USDT)
2024-07-06 00:00:00,112325747935.35878,Tether (USDT)
2024-07-07 00:00:00,112196036454.30243,Tether (USDT)
2024-07-08 00:00:00,112126783690.4601,Tether (USDT)
2024-07-09 00:00:00,112172989929.67586,Tether (USDT)
2024-07-10 00:00:00,112264962394.14743,Tether (USDT)
2024-07-11 00:00:00,112278208909.21617,Tether (USDT)
2024-07-12 00:00:00,112437835804.60391,Tether (USDT)
2024-07-13 00:00:00,112412688005.05426,Tether (USDT)
2024-07-14 00:00:00,112432522893.06728,Tether (USDT)
2024-07-15 00:00:00,112493950291.55972,Tether (USDT)
2024-07-16 00:00:00,112632082133.02576,Tether (USDT)
2024-07-17 00:00:00,113054223093.64279,Tether (USDT)
2024-07-18 00:00:00,113208033785.78024,Tether (USDT)
2024-07-19 00:00:00,113573131359.29312,Tether (USDT)
2024-07-20 00:00:00,113747016526.27437,Tether (USDT)
2024-07-21 00:00:00,113925014705.46246,Tether (USDT)
2024-07-22 00:00:00,114040029468.1858,Tether (USDT)
2024-07-23 00:00:00,114112099009.7814,Tether (USDT)
2024-07-24 00:00:00,114269399245.478,Tether (USDT)
2024-07-25 00:00:00,114419293392.97034,Tether (USDT)
2024-07-26 00:00:00,114381082813.50742,Tether (USDT)
2024-07-27 00:00:00,114301106013.43555,Tether (USDT)
2024-07-28 00:00:00,114323274523.11798,Tether (USDT)
2024-07-29 00:00:00,114436762854.19614,Tether (USDT)
2024-07-30 00:00:00,114423843424.0103,Tether (USDT)
2024-07-31 00:00:00,114429758402.69632,Tether (USDT)
2024-08-01 00:00:00,114343128199.69716,Tether (USDT)
2024-08-02 00:00:00,114422514458.41356,Tether (USDT)
2024-08-03 00:00:00,114339047195.47589,Tether (USDT)
2024-08-04 00:00:00,114467573236.0355,Tether (USDT)
2024-08-05 00:00:00,114321354116.66292,Tether (USDT)
2024-08-06 00:00:00,114273868572.97675,Tether (USDT)
2024-08-07 00:00:00,114449569879.83371,Tether (USDT)
2024-08-08 00:00:00,114697495372.16809,Tether (USDT)
2024-08-09 00:00:00,114970432933.55519,Tether (USDT)
2024-08-10 00:00:00,115453319573.63643,Tether (USDT)
2024-08-11 00:00:00,115682732676.35165,Tether (USDT)
2024-08-12 00:00:00,115569651109.11028,Tether (USDT)
2024-08-13 00:00:00,115615435596.80666,Tether (USDT)
2024-08-14 00:00:00,115768698244.9125,Tether (USDT)
2024-08-15 00:00:00,116190571128.30977,Tether (USDT)
2024-08-16 00:00:00,116521301017.53625,Tether (USDT)
2024-08-17 00:00:00,116732851982.2746,Tether (USDT)
2024-08-18 00:00:00,116866602270.81105,Tether (USDT)
2024-08-19 00:00:00,116739857897.3705,Tether (USDT)
2024-08-20 00:00:00,117015270220.48073,Tether (USDT)
2024-08-21 00:00:00,116980055140.24043,Tether (USDT)
2024-08-22 00:00:00,117370235101.15463,Tether (USDT)
2024-08-23 00:00:00,117411769439.62729,Tether (USDT)
2024-08-24 00:00:00,117853361164.5161,Tether (USDT)
2024-08-25 00:00:00,117976041920.30212,Tether (USDT)
2024-08-26 00:00:00,117925656123.98563,Tether (USDT)
2024-08-27 00:00:00,117869723009.1109,Tether (USDT)
2024-08-28 00:00:00,117955490801.0307,Tether (USDT)
2024-08-29 00:00:00,118135731907.63963,Tether (USDT)
2024-08-30 00:00:00,118172891314.81387,Tether (USDT)
2024-08-31 00:00:00,118222000180.62563,Tether (USDT)
2024-09-01 00:00:00,118230433723.71104,Tether (USDT)
2024-09-02 00:00:00,118295677077.48834,Tether (USDT)
2024-09-03 00:00:00,118015323883.80325,Tether (USDT)
2024-09-04 00:00:00,117932307878.33861,Tether (USDT)
2024-09-05 00:00:00,118074249578.67099,Tether (USDT)
2024-09-06 00:00:00,118124553014.56517,Tether (USDT)
2024-09-07 00:00:00,118197461602.93045,Tether (USDT)
2024-09-08 00:00:00,118192306888.51338,Tether (USDT)
2024-09-09 00:00:00,118097524596.7483,Tether (USDT)
2024-09-10 00:00:00,118169308693.40657,Tether (USDT)
2024-09-11 00:00:00,118369979986.92542,Tether (USDT)
2024-09-12 00:00:00,118453823970.21852,Tether (USDT)
2024-09-13 00:00:00,118400065870.78699,Tether (USDT)
2024-09-14 00:00:00,118715373464.87146,Tether (USDT)
2024-09-15 00:00:00,118621353590.58966,Tether (USDT)
2024-09-16 00:00:00,118802612881.71228,Tether (USDT)
2024-09-17 00:00:00,118588812120.9188,Tether (USDT)
2024-09-18 00:00:00,118718182140.33269,Tether (USDT)
2024-09-19 00:00:00,118956816677.97981,Tether (USDT)
2024-09-20 00:00:00,118889277623.86029,Tether (USDT)
2024-09-21 00:00:00,119089506174.47217,Tether (USDT)
2024-09-22 00:00:00,119131553251.0926,Tether (USDT)
2024-09-23 00:00:00,119142486489.02696,Tether (USDT)
2024-09-24 00:00:00,119225487097.90627,Tether (USDT)
2024-09-25 00:00:00,119245380622.48024,Tether (USDT)
2024-09-26 00:00:00,119330816979.4146,Tether (USDT)
2024-09-27 00:00:00,119333889219.37726,Tether (USDT)
2024-09-28 00:00:00,119481674680.34583,Tether (USDT)
2024-09-29 00:00:00,119646728684.20177,Tether (USDT)
2024-09-30 00:00:00,119508803828.78311,Tether (USDT)
2024-10-01 00:00:00,119716177650.74232,Tether (USDT)
2024-10-02 00:00:00,119609196026.14432,Tether (USDT)
2024-10-03 00:00:00,119655789008.589,Tether (USDT)
2024-10-04 00:00:00,119618717248.59447,Tether (USDT)
2024-10-05 00:00:00,119681714324.82814,Tether (USDT)
2024-10-06 00:00:00,119652656652.73087,Tether (USDT)
2024-10-07 00:00:00,119669524233.95427,Tether (USDT)
2024-10-08 00:00:00,119569474088.64745,Tether (USDT)
2024-10-09 00:00:00,119776998408.91275,Tether (USDT)
2024-10-10 00:00:00,119679537184.3629,Tether (USDT)
2024-10-11 00:00:00,119777751851.07983,Tether (USDT)
2024-10-12 00:00:00,119747722936.46368,Tether (USDT)
2024-10-13 00:00:00,119707496291.20467,Tether (USDT)
2024-10-14 00:00:00,119657519421.44238,Tether (USDT)
2024-10-15 00:00:00,119667247527.33498,Tether (USDT)
2024-10-16 00:00:00,119650361572.08174,Tether (USDT)
2024-10-17 00:00:00,120006109540.46979,Tether (USDT)
2024-10-18 00:00:00,119910642015.27625,Tether (USDT)
2024-10-19 00:00:00,120052034495.12138,Tether (USDT)
2024-10-20 00:00:00,120177060289.74884,Tether (USDT)
2024-10-21 00:00:00,120123290869.1666,Tether (USDT)
2024-10-22 00:00:00,120095701605.9505,Tether (USDT)
2024-10-23 00:00:00,120135980593.7502,Tether (USDT)
2024-10-24 00:00:00,120077639690.5987,Tether (USDT)
2024-10-25 00:00:00,120184820843.09181,Tether (USDT)
2024-10-26 00:00:00,120198309352.32234,Tether (USDT)
2024-10-27 00:00:00,120156501578.10428,Tether (USDT)
2024-10-28 00:00:00,120167153594.79605,Tether (USDT)
2024-10-29 00:00:00,120257080604.67479,Tether (USDT)
2024-10-30 00:00:00,120283099302.93663,Tether (USDT)
2024-10-31 00:00:00,120380626619.27965,Tether (USDT)
2024-11-01 00:00:00,120310238338.41052,Tether (USDT)
2024-11-02 00:00:00,120499892247.13353,Tether (USDT)
2024-11-03 00:00:00,120582062352.80904,Tether (USDT)
2024-11-04 00:00:00,120558702453.77312,Tether (USDT)
2024-11-05 00:00:00,120559253143.73962,Tether (USDT)
2024-11-06 00:00:00,120495287631.15811,Tether (USDT)
2024-11-07 00:00:00,120569183708.40907,Tether (USDT)
2024-11-08 00:00:00,121416253099.48859,Tether (USDT)
2024-11-09 00:00:00,122101847599.66498,Tether (USDT)
2024-11-10 00:00:00,123117662749.09688,Tether (USDT)
2024-11-11 00:00:00,123305965711.26923,Tether (USDT)
2024-11-12 00:00:00,123439410311.04811,Tether (USDT)
2024-11-13 00:00:00,124190644181.50526,Tether (USDT)
2024-11-13 00:51:15,125418619190.82169,Tether (USDT)
